Matricula apoyo;Linea;Funci¢n del apoyo;Zona proteccion avifauna;Zona frecuentada;Tipo de aislante 1;N§ Aislantes;Mfe nombre formaci¢n arb¢rea;Mfe definici¢n;Forrado Puentes;Forrado Conductores;Disposici¢n del aislante C1;C¢digo material del Apoyo;C¢digo material Cruceta 2;C¢digo material Cruceta 1;Codigo material del aislante 1;Codigo de etiquetacion;Chapa Antiposado;Apoyo en tramo notificado peligroso;Antinidificaci¢n;Antiescala;Alargadera
SB65CXNO//D59-80 CT;NBZ708 NBZ708 8;FINAL DE LINEA;ZONA_B;SI;VIDRIO TEMPL;3;Sin formaci½n arbolada;Agr­cola y prados artificiales;NO;NO;AMARRE;4 CELOSIA METALICA;431756 CRUCETA SOPORTE TRAFO SOBRE APOYO METALICO;L04 CRUCETA RECTA H-35;400150 AISLADOR VIDRIO U40 BS;SB65CXNO;NO;SI;NO;SI;NO
S7LWSE9U//D59-3-5-2-CT;NBZ708 NBZ708 8;FINAL DE LINEA;no encontrado;NO;VIDRIO TEMPL;3;Sin formaci½n arbolada;Agr­cola y prados artificiales;NO;NO;AMARRE;4 CELOSIA METALICA;431756 CRUCETA SOPORTE TRAFO SOBRE APOYO METALICO;L04 CRUCETA RECTA H-35;400150 AISLADOR VIDRIO U40 BS;S7LWSE9U;NO;0;NO;SI;NO
S7ML9NUP//D59-3-5-1;NBZ708 NBZ708 8;ANGULO;no encontrado;SI;VIDRIO TEMPL;3;Sin formaci½n arbolada;Agr­cola y prados artificiales;NO;NO;AMARRE;4 CELOSIA METALICA;0;940162 CRUCETA HIERRO GALV.BP-15;400150 AISLADOR VIDRIO U40 BS;S7ML9NUP;NO;0;NO;SI;NO
S84J2977//D53-1;NBZ708 NBZ708 8;ANCLAJE;no encontrado;NO;VIDRIO TEMPL;3;Sin formaci½n arbolada;Agr­cola y prados artificiales;NO;NO;AMARRE;430300 APOYO METALICO C 2000 12 UNESA;L14 CRUCETA SOPORTE DE ELEMENTOS DE PROTECCION/CORTE;L04 CRUCETA RECTA H-35;400160 AISLADOR VIDRIO U70 BS;S84J2977;NO;0;NO;SI;NO
S95TCFBF//D37-20;NBZ708 NBZ708 8;FINAL DE LINEA;VEGAS. CUESTAS Y PARAMOS DEL SURESTE DE MADRID;DESCONOCIDO;0;;Choperas y plataneras de producci½n;A.F.M. (Riberas);NO;NO;AMARRE;205930 APOYO HORMIGON TUBULAR HVH 2500/13;0;;0;S95TCFBF;NO;0;NO;0;NO
S943H17G//D37-19;NBZ708 NBZ708 8;FINAL DE LINEA;no encontrado;DESCONOCIDO;0;;Choperas y plataneras de producci½n;A.F.M. (Riberas);NO;NO;AMARRE;205930 APOYO HORMIGON TUBULAR HVH 2500/13;0;;0;S943H17G;NO;0;NO;0;NO
S8K73W3V//D59-31-1-CT;NBZ708 NBZ708 8;FINAL DE LINEA;ZONA_B;NO;VIDRIO TEMPL;3;Pinares de pino carrasco;Bosque Plantaci½n;NO;NO;AMARRE;4 CELOSIA METALICA;L14 CRUCETA SOPORTE DE ELEMENTOS DE PROTECCION/CORTE;L04 CRUCETA RECTA H-35;400150 AISLADOR VIDRIO U40 BS;S8K73W3V;NO;SI;NO;SI;NO
S7DAPFTG//189-3;NBZ708 NBZ708 8;FINAL DE LINEA;no encontrado;SI;VIDRIO TEMPL;2;Sin formaci½n arbolada;Agr­cola y prados artificiales;NO;NO;AMARRE;430300 APOYO METALICO C 2000 12 UNESA;L14 CRUCETA SOPORTE DE ELEMENTOS DE PROTECCION/CORTE;430680 CRUCETA HORIZONTAL C-C1-35;400160 AISLADOR VIDRIO U70 BS;S7DAPFTG;NO;0;NO;SI;NO
S7AKO0K3//189-6;NBZ708 NBZ708 8;ANCLAJE;no encontrado;NO;VIDRIO TEMPL;3;Sin formaci½n arbolada;Agr­cola y prados artificiales;NO;NO;MENSULA DE SUSPENSION;4 CELOSIA METALICA;L12 CRUCETA DERIVACION SIMPLE;L08 CRUCETA TRIANGULO T-35;400150 AISLADOR VIDRIO U40 BS;S7AKO0K3;NO;0;NO;NO;NO
S7CN1LDA//189-4;NBZ708 NBZ708 8;ALINEACION;no encontrado;NO;VIDRIO TEMPL;3;Sin formaci½n arbolada;Agr­cola y prados artificiales;NO;NO;SUSPENDIDO;431480 APOYO HORMIGON HV 630 R 11 m.;0;430840 CRUCETA BOVEDA B-1;400160 AISLADOR VIDRIO U70 BS;S7CN1LDA;NO;0;NO;NO;NO
S7BSKRFB//189-5;NBZ708 NBZ708 8;ALINEACION;no encontrado;NO;VIDRIO TEMPL;3;Sin formaci½n arbolada;Agr­cola y prados artificiales;NO;NO;SUSPENDIDO;431490 APOYO HORMIGON HV 630 R 13 m.;0;430840 CRUCETA BOVEDA B-1;400160 AISLADOR VIDRIO U70 BS;S7BSKRFB;NO;0;NO;NO;NO
S7CKR95N//D59-3-11;NBZ708 NBZ708 8;FINAL DE LINEA;VEGAS. CUESTAS Y PARAMOS DEL SURESTE DE MADRID;NO;VIDRIO TEMPL;3;Sin formaci½n arbolada;Agr­cola y prados artificiales;NO;NO;AMARRE;4 CELOSIA METALICA;L14 CRUCETA SOPORTE DE ELEMENTOS DE PROTECCION/CORTE;L04 CRUCETA RECTA H-35;400150 AISLADOR VIDRIO U40 BS;S7CKR95N;NO;0;NO;SI;NO
S9362F3T//D37-18CT;NBZ708 NBZ708 8;FINAL DE LINEA;no encontrado;SI;POLIMERICO;3;Sin formaci½n arbolada;Artificial;NO;NO;AMARRE;4 CELOSIA METALICA;L14 CRUCETA SOPORTE DE ELEMENTOS DE PROTECCION/CORTE;1 SIN DATOS ESPECIFICOS;205954 AISLADOR COMPOSITE 20 KV;S9362F3T;NO;0;NO;SI;NO
S66F4H2C//D18-2;NBZ708 NBZ708 8;ANGULO;no encontrado;SI;VIDRIO TEMPL;3;Sin formaci½n arbolada;Agr­cola y prados artificiales;NO;NO;AMARRE;4 CELOSIA METALICA;0;L04 CRUCETA RECTA H-35;400150 AISLADOR VIDRIO U40 BS;S66F4H2C;NO;0;NO;SI;NO
S651XKPV//D18-3;NBZ708 NBZ708 8;ANCLAJE;no encontrado;NO;VIDRIO TEMPL;3;Sin formaci½n arbolada;Agr­cola y prados artificiales;NO;NO;AMARRE;4 CELOSIA METALICA;0;L04 CRUCETA RECTA H-35;400150 AISLADOR VIDRIO U40 BS;S651XKPV;NO;0;NO;SI;NO
S84734ES//D59-14;NBZ708 NBZ708 8;ALINEACION;no encontrado;NO;VIDRIO TEMPL;2;Sin formaci½n arbolada;Agr­cola y prados artificiales;NO;NO;SUSPENDIDO;2 HORMIGON;0;L01 CRUCETA BOVEDA B1/BR1/B2;400150 AISLADOR VIDRIO U40 BS;S84734ES;NO;0;NO;NO;NO
S85GGRDN//D59-15;NBZ708 NBZ708 8;ANGULO;no encontrado;NO;VIDRIO TEMPL;3;Sin formaci½n arbolada;Agr­cola y prados artificiales;NO;NO;AMARRE;4 CELOSIA METALICA;0;L04 CRUCETA RECTA H-35;400150 AISLADOR VIDRIO U40 BS;S85GGRDN;NO;0;NO;NO;NO
S82CXD65//D59-13;NBZ708 NBZ708 8;ANGULO;no encontrado;NO;VIDRIO TEMPL;3;Sin formaci½n arbolada;Agr­cola y prados artificiales;NO;NO;AMARRE;4 CELOSIA METALICA;0;L04 CRUCETA RECTA H-35;400150 AISLADOR VIDRIO U40 BS;S82CXD65;NO;0;NO;NO;NO
S8646LTF//D59-16;NBZ708 NBZ708 8;ALINEACION;no encontrado;NO;VIDRIO TEMPL;2;Sin formaci½n arbolada;Agr­cola y prados artificiales;NO;NO;SUSPENDIDO CRUCE YUGOS;2 HORMIGON;L14 CRUCETA SOPORTE DE ELEMENTOS DE PROTECCION/CORTE;L01 CRUCETA BOVEDA B1/BR1/B2;400150 AISLADOR VIDRIO U40 BS;S8646LTF;NO;0;NO;SI;NO
SAAR4EJ8//D59-66;NBZ708 NBZ708 8;ANGULO;ZONA_B;NO;VIDRIO TEMPL;3;Pinares de pino carrasco;Bosque Plantaci½n;NO;NO;PICO DE PATO;4 CELOSIA METALICA;9 NO APLICA;L08 CRUCETA TRIANGULO T-35;400150 AISLADOR VIDRIO U40 BS;SAAR4EJ8;NO;SI;NO;NO;NO
SAF2AALR//D59-67;NBZ708 NBZ708 8;AMARRE;ZONA_B;NO;VIDRIO TEMPL;3;Pinares de pino carrasco;Bosque Plantaci½n;NO;NO;AMARRE;4 CELOSIA METALICA;9 NO APLICA;L08 CRUCETA TRIANGULO T-35;400150 AISLADOR VIDRIO U40 BS;SAF2AALR;NO;SI;NO;NO;NO
SAA3VNV0//D59-65;NBZ708 NBZ708 8;ANGULO;ZONA_B;NO;VIDRIO TEMPL;3;Pinares de pino carrasco;Bosque Plantaci½n;NO;NO;PICO DE PATO;4 CELOSIA METALICA;9 NO APLICA;L08 CRUCETA TRIANGULO T-35;400150 AISLADOR VIDRIO U40 BS;SAA3VNV0;NO;SI;NO;NO;NO
SA9A8AUC//D59-64;NBZ708 NBZ708 8;ANGULO;ZONA_B;NO;VIDRIO TEMPL;3;Sin formaci½n arbolada;Agr­cola y prados artificiales;NO;NO;PICO DE PATO;4 CELOSIA METALICA;9 NO APLICA;L04 CRUCETA RECTA H-35;400150 AISLADOR VIDRIO U40 BS;SA9A8AUC;NO;SI;NO;NO;NO
S85IP4H6//D59-16-1CT;NBZ708 NBZ708 8;FINAL DE LINEA;no encontrado;DESCONOCIDO;VIDRIO TEMPL;3;Sin formaci½n arbolada;Agr­cola y prados artificiales;0;;AMARRE;430300 APOYO METALICO C 2000 12 UNESA;L14 CRUCETA SOPORTE DE ELEMENTOS DE PROTECCION/CORTE;16 CRUCETA RECTA;400150 AISLADOR VIDRIO U40 BS;S85IP4H6;0;;0;SI;
S8MGW5D3//D37-13;NBZ708 NBZ708 8;ALINEACION;no encontrado;NO;VIDRIO TEMPL;2;Sin formaci½n arbolada;Matorral;NO;NO;SUSPENDIDO;2 HORMIGON;0;L01 CRUCETA BOVEDA B1/BR1/B2;400150 AISLADOR VIDRIO U40 BS;S8MGW5D3;NO;0;NO;NO;NO
S8N8D6UE//D37-10;NBZ708 NBZ708 8;ALINEACION;ZONA_B;NO;VIDRIO TEMPL;2;Sin formaci½n arbolada;Agr­cola y prados artificiales;NO;NO;SUSPENDIDO;2 HORMIGON;0;L01 CRUCETA BOVEDA B1/BR1/B2;400150 AISLADOR VIDRIO U40 BS;S8N8D6UE;NO;SI;NO;NO;NO
S8LPH3OJ//D37-14;NBZ708 NBZ708 8;ANCLAJE;no encontrado;NO;VIDRIO TEMPL;3;Sin formaci½n arbolada;Matorral;NO;NO;MENSULA DE SUSPENSION;4 CELOSIA METALICA;L12 CRUCETA DERIVACION SIMPLE;L08 CRUCETA TRIANGULO T-35;400150 AISLADOR VIDRIO U40 BS;S8LPH3OJ;NO;0;NO;SI;NO
S8OJ9Q29//D37-11;NBZ708 NBZ708 8;ANGULO;ZONA_B;NO;VIDRIO TEMPL;3;Sin formaci½n arbolada;Agr­cola y prados artificiales;NO;NO;MENSULA DE SUSPENSION;4 CELOSIA METALICA;0;L08 CRUCETA TRIANGULO T-35;400150 AISLADOR VIDRIO U40 BS;S8OJ9Q29;NO;SI;NO;NO;NO
S8JQ58J9//D37-7;NBZ708 NBZ708 8;ALINEACION;no encontrado;NO;VIDRIO TEMPL;2;Sin formaci½n arbolada;Agr­cola y prados artificiales;NO;NO;SUSPENDIDO;2 HORMIGON;0;L01 CRUCETA BOVEDA B1/BR1/B2;400150 AISLADOR VIDRIO U40 BS;S8JQ58J9;NO;0;NO;NO;NO
S8N5DET0//D37-12;NBZ708 NBZ708 8;AMARRE;ZONA_B;NO;VIDRIO TEMPL;3;Sin formaci½n arbolada;Matorral;NO;NO;MENSULA DE SUSPENSION;4 CELOSIA METALICA;0;L08 CRUCETA TRIANGULO T-35;400150 AISLADOR VIDRIO U40 BS;S8N5DET0;NO;SI;NO;NO;NO
S8LW82QD//D37-9;NBZ708 NBZ708 8;ALINEACION;ZONA_B;NO;VIDRIO TEMPL;2;Sin formaci½n arbolada;Matorral;NO;NO;SUSPENDIDO;2 HORMIGON;0;L01 CRUCETA BOVEDA B1/BR1/B2;400150 AISLADOR VIDRIO U40 BS;S8LW82QD;NO;SI;NO;NO;NO
S8KLBHKI//D37-8;NBZ708 NBZ708 8;AMARRE;no encontrado;NO;VIDRIO TEMPL;3;Sin formaci½n arbolada;Agr­cola y prados artificiales;NO;NO;MENSULA DE SUSPENSION;4 CELOSIA METALICA;0;L08 CRUCETA TRIANGULO T-35;400150 AISLADOR VIDRIO U40 BS;S8KLBHKI;NO;0;NO;NO;NO
S8NFTLTD//D37-15;NBZ708 NBZ708 8;ANGULO;no encontrado;NO;VIDRIO TEMPL;3;Sin formaci½n arbolada;Matorral;NO;NO;MENSULA DE SUSPENSION;4 CELOSIA METALICA;0;L08 CRUCETA TRIANGULO T-35;400150 AISLADOR VIDRIO U40 BS;S8NFTLTD;NO;0;NO;NO;NO
S8QN49G7//D37-16;NBZ708 NBZ708 8;ALINEACION;no encontrado;NO;VIDRIO TEMPL;2;Sin formaci½n arbolada;Matorral;NO;NO;SUSPENDIDO;2 HORMIGON;0;L01 CRUCETA BOVEDA B1/BR1/B2;400150 AISLADOR VIDRIO U40 BS;S8QN49G7;NO;0;NO;NO;NO
S8TWL889//D37-17;NBZ708 NBZ708 8;FINAL DE LINEA;no encontrado;SI;VIDRIO TEMPL;3;Sin formaci½n arbolada;Agr­cola y prados artificiales;NO;NO;MENSULA DE SUSPENSION;4 CELOSIA METALICA;L14 CRUCETA SOPORTE DE ELEMENTOS DE PROTECCION/CORTE;L08 CRUCETA TRIANGULO T-35;400150 AISLADOR VIDRIO U40 BS;S8TWL889;NO;0;NO;SI;NO
S8N64U42//D37-14-1CT;NBZ708 NBZ708 8;FINAL DE LINEA;no encontrado;DESCONOCIDO;VIDRIO TEMPL;0;Sin formaci½n arbolada;Matorral;NO;NO;AMARRE;4 CELOSIA METALICA;431756 CRUCETA SOPORTE TRAFO SOBRE APOYO METALICO;L04 CRUCETA RECTA H-35;400150 AISLADOR VIDRIO U40 BS;S8N64U42;NO;0;NO;SI;NO
S5PE16WJ//D2;NBZ708 NBZ708 8;ANGULO;no encontrado;DESCONOCIDO;VIDRIO TEMPL;3;Bosques mixtos de frondosas en region biogeogrÿfica mediterranea;Bosque;NO;NO;AMARRE;430330 APOYO METALICO C 2000 18 UNESA;0;;400160 AISLADOR VIDRIO U70 BS;S5PE16WJ;NO;0;NO;SI;NO
S5OWAURA//D2X2;NBZ708 NBZ708 8;ANGULO;no encontrado;NO;VIDRIO TEMPL;3;Bosques mixtos de frondosas en region biogeogrÿfica mediterranea;Bosque;NO;NO;AMARRE;430470 APOYO METALICO C 4500 18 UNESA;0;;400160 AISLADOR VIDRIO U70 BS;S5OWAURA;NO;0;NO;SI;NO
S5OVJFN8//D3;NBZ708 NBZ708 8;ALINEACION;no encontrado;DESCONOCIDO;VIDRIO TEMPL;2;Bosques mixtos de frondosas en region biogeogrÿfica mediterranea;Bosque;NO;NO;SUSPENDIDO;430320 APOYO METALICO C 2000 16 UNESA;0;757846 SEMICRUCETA HORIZONTAL SC-1500;400160 AISLADOR VIDRIO U70 BS;S5OVJFN8;NO;0;NO;NO;NO
S7CT14OH//D59-3-10-1-CT;NBZ708 NBZ708 8;FINAL DE LINEA;VEGAS. CUESTAS Y PARAMOS DEL SURESTE DE MADRID;SI;VIDRIO TEMPL;3;Sin formaci½n arbolada;Agr­cola y prados artificiales;NO;NO;AMARRE;4 CELOSIA METALICA;431756 CRUCETA SOPORTE TRAFO SOBRE APOYO METALICO;L04 CRUCETA RECTA H-35;400150 AISLADOR VIDRIO U40 BS;S7CT14OH;NO;0;NO;SI;NO
SAHBCV02//D59-68;NBZ708 NBZ708 8;ANGULO;ZONA_B;SI;VIDRIO TEMPL;3;Sin formaci½n arbolada;Artificial;NO;NO;PICO DE PATO;4 CELOSIA METALICA;L12 CRUCETA DERIVACION SIMPLE;L04 CRUCETA RECTA H-35;400150 AISLADOR VIDRIO U40 BS;SAHBCV02;NO;SI;NO;SI;NO
SAHF4495//D59-68-1-CT;NBZ708 NBZ708 8;FINAL DE LINEA;ZONA_B;SI;VIDRIO TEMPL;3;Sin formaci½n arbolada;Artificial;NO;NO;AMARRE;4 CELOSIA METALICA;9 NO APLICA;L04 CRUCETA RECTA H-35;400150 AISLADOR VIDRIO U40 BS;SAHF4495;NO;SI;NO;SI;NO
S7CWQBXF//D59-3-10;NBZ708 NBZ708 8;ANGULO;VEGAS. CUESTAS Y PARAMOS DEL SURESTE DE MADRID;SI;VIDRIO TEMPL;3;Sin formaci½n arbolada;Agr­cola y prados artificiales;NO;NO;AMARRE;4 CELOSIA METALICA;L04 CRUCETA RECTA H-35;L04 CRUCETA RECTA H-35;400150 AISLADOR VIDRIO U40 BS;S7CWQBXF;NO;0;NO;SI;NO
S7K3X81U//D59-3-6;NBZ708 NBZ708 8;ALINEACION;VEGAS. CUESTAS Y PARAMOS DEL SURESTE DE MADRID;NO;VIDRIO TEMPL;3;Sin formaci½n arbolada;Agr­cola y prados artificiales;NO;NO;SUSPENDIDO;4 CELOSIA METALICA;0;L01 CRUCETA BOVEDA B1/BR1/B2;400150 AISLADOR VIDRIO U40 BS;S7K3X81U;NO;0;NO;SI;NO
S7FUA7XL//D59-3-8;NBZ708 NBZ708 8;ALINEACION;VEGAS. CUESTAS Y PARAMOS DEL SURESTE DE MADRID;NO;VIDRIO TEMPL;3;Sin formaci½n arbolada;Agr­cola y prados artificiales;NO;NO;SUSPENDIDO CRUCE;4 CELOSIA METALICA;0;L01 CRUCETA BOVEDA B1/BR1/B2;400150 AISLADOR VIDRIO U40 BS;S7FUA7XL;NO;0;NO;SI;NO
S7I8CKKC//D59-3-7;NBZ708 NBZ708 8;ALINEACION;VEGAS. CUESTAS Y PARAMOS DEL SURESTE DE MADRID;NO;VIDRIO TEMPL;3;Sin formaci½n arbolada;Agr­cola y prados artificiales;NO;NO;SUSPENDIDO;2 HORMIGON;0;L01 CRUCETA BOVEDA B1/BR1/B2;400150 AISLADOR VIDRIO U40 BS;S7I8CKKC;NO;0;NO;NO;NO
S7DXW5GE//D59-3-9;NBZ708 NBZ708 8;ANGULO;VEGAS. CUESTAS Y PARAMOS DEL SURESTE DE MADRID;NO;VIDRIO TEMPL;3;Sin formaci½n arbolada;Agr­cola y prados artificiales;NO;NO;AMARRE;4 CELOSIA METALICA;0;L04 CRUCETA RECTA H-35;400150 AISLADOR VIDRIO U40 BS;S7DXW5GE;NO;0;NO;SI;NO
S7N5XQHB//D59-3-2;NBZ708 NBZ708 8;AMARRE;VEGAS. CUESTAS Y PARAMOS DEL SURESTE DE MADRID;NO;VIDRIO TEMPL;3;Sin formaci½n arbolada;Agr­cola y prados artificiales;NO;NO;AMARRE;4 CELOSIA METALICA;0;L04 CRUCETA RECTA H-35;400150 AISLADOR VIDRIO U40 BS;S7N5XQHB;NO;0;NO;SI;NO
S7M72A6O//D59-3-3;NBZ708 NBZ708 8;ANGULO;VEGAS. CUESTAS Y PARAMOS DEL SURESTE DE MADRID;NO;VIDRIO TEMPL;0;Sin formaci½n arbolada;Agr­cola y prados artificiales;NO;NO;AMARRE;4 CELOSIA METALICA;L12 CRUCETA DERIVACION SIMPLE;L04 CRUCETA RECTA H-35;400150 AISLADOR VIDRIO U40 BS;S7M72A6O;NO;0;NO;SI;NO
S9GNI37M//D59-49;NBZ708 NBZ708 8;ANGULO;ZONA_B;NO;POLIMERICO;1;Pinares de pino carrasco;Bosque Plantaci½n;SI;NO;AMARRE;4 CELOSIA METALICA;9 NO APLICA;L04 CRUCETA RECTA H-35;205954 AISLADOR COMPOSITE 20 KV;S9GNI37M;NO;SI;NO;NO;NO
S9G9AN83//D59-48;NBZ708 NBZ708 8;AMARRE;ZONA_B;NO;VIDRIO TEMPL;3;Pinares de pino carrasco;Bosque Plantaci½n;NO;NO;AMARRE;4 CELOSIA METALICA;L12 CRUCETA DERIVACION SIMPLE;L04 CRUCETA RECTA H-35;400160 AISLADOR VIDRIO U70 BS;S9G9AN83;NO;SI;NO;SI;NO
S68C80M4//D18-1;NBZ708 NBZ708 8;ANGULO;no encontrado;NO;VIDRIO TEMPL;3;Sin formaci½n arbolada;Mosaico desarbolado sobre cultivo;NO;NO;AMARRE;4 CELOSIA METALICA;L14 CRUCETA SOPORTE DE ELEMENTOS DE PROTECCION/CORTE;L04 CRUCETA RECTA H-35;400150 AISLADOR VIDRIO U40 BS;S68C80M4;NO;0;NO;SI;NO
S8DICRSO//D59-22;NBZ708 NBZ708 8;AMARRE;ZONA_B;NO;POLIMERICO;1;Sin formaci½n arbolada;Agr­cola y prados artificiales;NO;NO;AMARRE;430213 APOYO CHAPA METALICA CH 630 11 P UNESA;0;430990 CRUCETA RECTA C-1 S.P. 4-007-0 P.H.;205954 AISLADOR COMPOSITE 20 KV;S8DICRSO;NO;SI;NO;NO;NO
S89ANS5P//D59-19;NBZ708 NBZ708 8;ALINEACION;no encontrado;NO;VIDRIO TEMPL;2;Sin formaci½n arbolada;Agr­cola y prados artificiales;NO;NO;SUSPENDIDO;2 HORMIGON;0;L01 CRUCETA BOVEDA B1/BR1/B2;400160 AISLADOR VIDRIO U70 BS;S89ANS5P;NO;0;NO;NO;NO
S885QRIM//D59-18;NBZ708 NBZ708 8;ALINEACION;no encontrado;NO;VIDRIO TEMPL;2;Sin formaci½n arbolada;Agr­cola y prados artificiales;NO;NO;SUSPENDIDO;2 HORMIGON;0;L01 CRUCETA BOVEDA B1/BR1/B2;400160 AISLADOR VIDRIO U70 BS;S885QRIM;NO;0;NO;NO;NO
S873TJ4G//D59-17;NBZ708 NBZ708 8;ALINEACION;no encontrado;NO;VIDRIO TEMPL;2;Sin formaci½n arbolada;Agr­cola y prados artificiales;NO;NO;SUSPENDIDO;2 HORMIGON;0;L01 CRUCETA BOVEDA B1/BR1/B2;400160 AISLADOR VIDRIO U70 BS;S873TJ4G;NO;0;NO;NO;NO
S8EUQ8WK//D59-26;NBZ708 NBZ708 8;ANCLAJE;ZONA_B;DESCONOCIDO;VIDRIO TEMPL;0;Sin formaci½n arbolada;Agr­cola y prados artificiales;NO;NO;AMARRE;4 CELOSIA METALICA;L12 CRUCETA DERIVACION SIMPLE;L02 CRUCETA BOVEDA CB1/CB2;400150 AISLADOR VIDRIO U40 BS;S8EUQ8WK;NO;SI;NO;SI;NO
S8B71UGX//D59-20;NBZ708 NBZ708 8;ALINEACION;ZONA_B;NO;VIDRIO TEMPL;2;Sin formaci½n arbolada;Agr­cola y prados artificiales;NO;NO;SUSPENDIDO;2 HORMIGON;0;L01 CRUCETA BOVEDA B1/BR1/B2;400160 AISLADOR VIDRIO U70 BS;S8B71UGX;NO;SI;NO;NO;NO
S8C3P1J7//D59-21;NBZ708 NBZ708 8;ALINEACION;ZONA_B;NO;VIDRIO TEMPL;2;Sin formaci½n arbolada;Agr­cola y prados artificiales;NO;NO;SUSPENDIDO;2 HORMIGON;0;L01 CRUCETA BOVEDA B1/BR1/B2;400160 AISLADOR VIDRIO U70 BS;S8C3P1J7;NO;SI;NO;NO;NO
S68WEX0Q//D18-1-1CT;NBZ708 NBZ708 8;FINAL DE LINEA;no encontrado;DESCONOCIDO;VIDRIO TEMPL;3;Sin formaci½n arbolada;Mosaico desarbolado sobre cultivo;0;;AMARRE;430300 APOYO METALICO C 2000 12 UNESA;431756 CRUCETA SOPORTE TRAFO SOBRE APOYO METALICO;430680 CRUCETA HORIZONTAL C-C1-35;400160 AISLADOR VIDRIO U70 BS;S68WEX0Q;0;;0;SI;
S5P2246G//D1;NBZ708 NBZ708 8;AMARRE;no encontrado;NO;VIDRIO TEMPL;3;Bosques mixtos de frondosas en region biogeogrÿfica mediterranea;Bosque;NO;NO;AMARRE;430560 APOYO METALICO C 9000 16 UNESA;L14 CRUCETA SOPORTE DE ELEMENTOS DE PROTECCION/CORTE;757846 SEMICRUCETA HORIZONTAL SC-1500;400160 AISLADOR VIDRIO U70 BS;S5P2246G;NO;0;NO;SI;NO
S85UOAUI//D42-1;NBZ708 NBZ708 8;ANCLAJE;no encontrado;DESCONOCIDO;VIDRIO TEMPL;0;Sin formaci½n arbolada;Agr­cola y prados artificiales;0;;AMARRE;4 CELOSIA METALICA;L12 CRUCETA DERIVACION SIMPLE;L04 CRUCETA RECTA H-35;400150 AISLADOR VIDRIO U40 BS;S85UOAUI;0;;0;SI;
S85AHD29//D37-1-3CT;NBZ708 NBZ708 8;FINAL DE LINEA;no encontrado;DESCONOCIDO;VIDRIO TEMPL;0;Sin formaci½n arbolada;Agr­cola y prados artificiales;0;;AMARRE;4 CELOSIA METALICA;L14 CRUCETA SOPORTE DE ELEMENTOS DE PROTECCION/CORTE;L04 CRUCETA RECTA H-35;400150 AISLADOR VIDRIO U40 BS;S85AHD29;0;;0;NO;
S7PI254F//D59-3-1;NBZ708 NBZ708 8;ANGULO;VEGAS. CUESTAS Y PARAMOS DEL SURESTE DE MADRID;NO;VIDRIO TEMPL;3;Sin formaci½n arbolada;Agr­cola y prados artificiales;NO;NO;AMARRE;4 CELOSIA METALICA;L14 CRUCETA SOPORTE DE ELEMENTOS DE PROTECCION/CORTE;L04 CRUCETA RECTA H-35;400150 AISLADOR VIDRIO U40 BS;S7PI254F;NO;0;NO;SI;NO
S783DILX//189-6-1-CT;NBZ708 NBZ708 8;FINAL DE LINEA;no encontrado;SI;VIDRIO TEMPL;3;Sin formaci½n arbolada;Artificial;NO;NO;MENSULA DE SUSPENSION;4 CELOSIA METALICA;L14 CRUCETA SOPORTE DE ELEMENTOS DE PROTECCION/CORTE;L08 CRUCETA TRIANGULO T-35;400150 AISLADOR VIDRIO U40 BS;S783DILX;NO;0;NO;SI;NO
S7S2TH5D//D59-4;NBZ708 NBZ708 8;ALINEACION;VEGAS. CUESTAS Y PARAMOS DEL SURESTE DE MADRID;NO;VIDRIO TEMPL;3;Bosques ribereÏos;A.F.M. (Riberas);NO;NO;SUSPENDIDO;4 CELOSIA METALICA;0;L04 CRUCETA RECTA H-35;400150 AISLADOR VIDRIO U40 BS;S7S2TH5D;NO;0;NO;NO;NO
S7T5I6LW//D59-5;NBZ708 NBZ708 8;ANCLAJE;VEGAS. CUESTAS Y PARAMOS DEL SURESTE DE MADRID;SI;VIDRIO TEMPL;3;Sin formaci½n arbolada;Agr­cola y prados artificiales;NO;NO;AMARRE;4 CELOSIA METALICA;L12 CRUCETA DERIVACION SIMPLE;L04 CRUCETA RECTA H-35;400150 AISLADOR VIDRIO U40 BS;S7T5I6LW;NO;0;NO;SI;NO
S7WF15FQ//D59-5-3;NBZ708 NBZ708 8;ANGULO;no encontrado;SI;VIDRIO TEMPL;3;Sin formaci½n arbolada;Agr­cola y prados artificiales;NO;NO;AMARRE;4 CELOSIA METALICA;0;15 CRUCETA BOVEDA;400150 AISLADOR VIDRIO U40 BS;S7WF15FQ;NO;0;NO;SI;NO
S7XG6WWF//D59-5-4-CT;NBZ708 NBZ708 8;FINAL DE LINEA;no encontrado;DESCONOCIDO;VIDRIO TEMPL;0;Sin formaci½n arbolada;Agr­cola y prados artificiales;NO;NO;AMARRE;4 CELOSIA METALICA;431756 CRUCETA SOPORTE TRAFO SOBRE APOYO METALICO;L04 CRUCETA RECTA H-35;400150 AISLADOR VIDRIO U40 BS;S7XG6WWF;NO;0;NO;SI;NO
S7VJ3FC1//D59-5-2;NBZ708 NBZ708 8;ANGULO;no encontrado;SI;VIDRIO TEMPL;3;Sin formaci½n arbolada;Agr­cola y prados artificiales;NO;NO;AMARRE;4 CELOSIA METALICA;0;L02 CRUCETA BOVEDA CB1/CB2;400150 AISLADOR VIDRIO U40 BS;S7VJ3FC1;NO;0;NO;SI;NO
S7UGEPQA//D59-5-1;NBZ708 NBZ708 8;ANGULO;no encontrado;SI;VIDRIO TEMPL;3;Sin formaci½n arbolada;Agr­cola y prados artificiales;NO;NO;AMARRE;4 CELOSIA METALICA;L14 CRUCETA SOPORTE DE ELEMENTOS DE PROTECCION/CORTE;L04 CRUCETA RECTA H-35;400150 AISLADOR VIDRIO U40 BS;S7UGEPQA;NO;0;NO;SI;NO
S86S4VRT//D37-1-X-1;NBZ708 NBZ708 8;ALINEACION;no encontrado;DESCONOCIDO;VIDRIO TEMPL;0;Sin formaci½n arbolada;Matorral;NO;NO;SUSPENDIDO;2 HORMIGON;0;L01 CRUCETA BOVEDA B1/BR1/B2;400150 AISLADOR VIDRIO U40 BS;S86S4VRT;NO;0;NO;NO;NO
S8I411LT//D37-6;NBZ708 NBZ708 8;ANCLAJE;no encontrado;NO;VIDRIO TEMPL;3;Sin formaci½n arbolada;Agr­cola y prados artificiales;NO;NO;AMARRE;4 CELOSIA METALICA;L12 CRUCETA DERIVACION SIMPLE;L04 CRUCETA RECTA H-35;400150 AISLADOR VIDRIO U40 BS;S8I411LT;NO;0;NO;SI;NO
S84NIXPC//D37-1;NBZ708 NBZ708 8;AMARRE;no encontrado;NO;VIDRIO TEMPL;3;Sin formaci½n arbolada;Agr­cola y prados artificiales;SI;NO;0;430470 APOYO METALICO C 4500 18 UNESA;431070 CRUCETA SOPORTE PARA C.FUSIBLES;209301 CRUCETA RECTA DC-2;400160 AISLADOR VIDRIO U70 BS;S84NIXPC;NO;0;NO;SI;NO
S8GBE6DU//D37-5;NBZ708 NBZ708 8;ALINEACION;no encontrado;NO;VIDRIO TEMPL;2;Sin formaci½n arbolada;Agr­cola y prados artificiales;NO;NO;SUSPENDIDO;2 HORMIGON;0;L01 CRUCETA BOVEDA B1/BR1/B2;400150 AISLADOR VIDRIO U40 BS;S8GBE6DU;NO;0;NO;NO;NO
S8B6AK5T//D37-3;NBZ708 NBZ708 8;ALINEACION;no encontrado;NO;VIDRIO TEMPL;2;Sin formaci½n arbolada;Matorral;NO;NO;SUSPENDIDO;2 HORMIGON;0;L01 CRUCETA BOVEDA B1/BR1/B2;400150 AISLADOR VIDRIO U40 BS;S8B6AK5T;NO;0;NO;NO;NO
S8D5METU//D37-4;NBZ708 NBZ708 8;ALINEACION;no encontrado;NO;VIDRIO TEMPL;2;Sin formaci½n arbolada;Matorral;NO;NO;SUSPENDIDO;2 HORMIGON;0;L01 CRUCETA BOVEDA B1/BR1/B2;400150 AISLADOR VIDRIO U40 BS;S8D5METU;NO;0;NO;NO;NO
S89RV4VL//D37-2;NBZ708 NBZ708 8;ALINEACION;no encontrado;NO;VIDRIO TEMPL;2;Sin formaci½n arbolada;Matorral;NO;NO;SUSPENDIDO;2 HORMIGON;0;L01 CRUCETA BOVEDA B1/BR1/B2;400150 AISLADOR VIDRIO U40 BS;S89RV4VL;NO;0;NO;NO;NO
S8Q7DWB0//D40-6;NBZ708 NBZ708 8;ANCLAJE;ZONA_B;NO;VIDRIO TEMPL;3;Encinares;A.F.M. (Bosquetes);NO;NO;AMARRE;430310 APOYO METALICO C 2000 14 UNESA;0;430680 CRUCETA HORIZONTAL C-C1-35;400160 AISLADOR VIDRIO U70 BS;S8Q7DWB0;NO;SI;NO;NO;NO
S8J1FLEQ//D40-4;NBZ708 NBZ708 8;ALINEACION;no encontrado;NO;VIDRIO TEMPL;2;Sin formaci½n arbolada;Agr­cola y prados artificiales;NO;NO;SUSPENDIDO;204698 APOYO HORMIGON TUBULAR HVH 1000/17;0;L01 CRUCETA BOVEDA B1/BR1/B2;400160 AISLADOR VIDRIO U70 BS;S8J1FLEQ;NO;0;NO;NO;NO
S8N1M6RQ//D40-5;NBZ708 NBZ708 8;ANGULO;ZONA_B;NO;VIDRIO TEMPL;3;Sin formaci½n arbolada;Agr­cola y prados artificiales;NO;NO;AMARRE;430460 APOYO METALICO C 4500 16 UNESA;0;430680 CRUCETA HORIZONTAL C-C1-35;400160 AISLADOR VIDRIO U70 BS;S8N1M6RQ;NO;SI;NO;NO;NO
S8EPIACX//D40-3;NBZ708 NBZ708 8;FINAL DE LINEA;VEGAS. CUESTAS Y PARAMOS DEL SURESTE DE MADRID;NO;VIDRIO TEMPL;3;Sin formaci½n arbolada;Agr­cola y prados artificiales;NO;NO;AMARRE;430550 APOYO METALICO C 9000 14 UNESA;L14 CRUCETA SOPORTE DE ELEMENTOS DE PROTECCION/CORTE;430680 CRUCETA HORIZONTAL C-C1-35;400160 AISLADOR VIDRIO U70 BS;S8EPIACX;NO;0;NO;NO;NO
S8TKM4BV//D40-7;NBZ708 NBZ708 8;FINAL DE LINEA;ZONA_B;SI;VIDRIO TEMPL;3;Encinares;Bosque;NO;NO;AMARRE;205939 APOYO HORMIGON TUBULAR HVH 4500/15;L14 CRUCETA SOPORTE DE ELEMENTOS DE PROTECCION/CORTE;431020 CRUCETA RECTA CR-1 S.P. 4-108-2;400160 AISLADOR VIDRIO U70 BS;S8TKM4BV;NO;SI;NO;SI;NO
S8005LC0//D54;NBZ708 NBZ708 8;AMARRE;no encontrado;NO;VIDRIO TEMPL;3;Sin formaci½n arbolada;Agr­cola y prados artificiales;NO;NO;AMARRE;430470 APOYO METALICO C 4500 18 UNESA;0;757846 SEMICRUCETA HORIZONTAL SC-1500;400160 AISLADOR VIDRIO U70 BS;S8005LC0;NO;0;NO;NO;NO
S83RL7FF//D53;NBZ708 NBZ708 8;ANGULO;no encontrado;NO;VIDRIO TEMPL;3;Sin formaci½n arbolada;Agr­cola y prados artificiales;NO;NO;AMARRE;430530 APOYO METALICO C 7000 18 UNESA;0;757846 SEMICRUCETA HORIZONTAL SC-1500;400160 AISLADOR VIDRIO U70 BS;S83RL7FF;NO;0;NO;NO;NO
S7TF8XFQ//D55;NBZ708 NBZ708 8;ANGULO;no encontrado;DESCONOCIDO;VIDRIO TEMPL;3;Sin formaci½n arbolada;Agr­cola y prados artificiales;NO;NO;AMARRE;205939 APOYO HORMIGON TUBULAR HVH 4500/15;0;209301 CRUCETA RECTA DC-2;400160 AISLADOR VIDRIO U70 BS;S7TF8XFQ;NO;0;NO;NO;NO
S7NHWU4V//D58;NBZ708 NBZ708 8;AMARRE;no encontrado;NO;VIDRIO TEMPL;3;Sin formaci½n arbolada;Agr­cola y prados artificiales;NO;NO;AMARRE;204701 APOYO HORMIGON TUBULAR HVH 4500/17;0;209301 CRUCETA RECTA DC-2;400160 AISLADOR VIDRIO U70 BS;S7NHWU4V;NO;0;NO;NO;NO
S7K8FV77//D59;NBZ708 NBZ708 8;FINAL DE LINEA;no encontrado;NO;VIDRIO TEMPL;3;Sin formaci½n arbolada;Agr­cola y prados artificiales;NO;NO;AMARRE;430560 APOYO METALICO C 9000 16 UNESA;L14 CRUCETA SOPORTE DE ELEMENTOS DE PROTECCION/CORTE;757846 SEMICRUCETA HORIZONTAL SC-1500;400160 AISLADOR VIDRIO U70 BS;S7K8FV77;NO;0;NO;SI;NO
S7RO508P//D56;NBZ708 NBZ708 8;ALINEACION;no encontrado;NO;VIDRIO TEMPL;2;Sin formaci½n arbolada;Agr­cola y prados artificiales;NO;NO;SUSPENDIDO;204698 APOYO HORMIGON TUBULAR HVH 1000/17;0;431030 CRUCETA DOBLE CIRCUITO DC-1;400160 AISLADOR VIDRIO U70 BS;S7RO508P;NO;0;NO;SI;NO
S7OJ4NLW//D57;NBZ708 NBZ708 8;ALINEACION;no encontrado;NO;VIDRIO TEMPL;2;Sin formaci½n arbolada;Agr­cola y prados artificiales;NO;NO;SUSPENDIDO;430320 APOYO METALICO C 2000 16 UNESA;0;757846 SEMICRUCETA HORIZONTAL SC-1500;400160 AISLADOR VIDRIO U70 BS;S7OJ4NLW;NO;0;NO;NO;NO
S8BMQAWE//D40-2;NBZ708 NBZ708 8;FINAL DE LINEA;VEGAS. CUESTAS Y PARAMOS DEL SURESTE DE MADRID;NO;VIDRIO TEMPL;0;Sin formaci½n arbolada;Agr­cola y prados artificiales;NO;NO;AMARRE;205939 APOYO HORMIGON TUBULAR HVH 4500/15;L14 CRUCETA SOPORTE DE ELEMENTOS DE PROTECCION/CORTE;430680 CRUCETA HORIZONTAL C-C1-35;400160 AISLADOR VIDRIO U70 BS;S8BMQAWE;NO;0;NO;0;NO
S8065866//D36;NBZ708 NBZ708 8;ALINEACION;no encontrado;NO;VIDRIO TEMPL;2;Sin formaci½n arbolada;Agr­cola y prados artificiales;NO;NO;SUSPENDIDO;204698 APOYO HORMIGON TUBULAR HVH 1000/17;0;431030 CRUCETA DOBLE CIRCUITO DC-1;400160 AISLADOR VIDRIO U70 BS;S8065866;NO;0;NO;SI;NO
S7URMHAB//D35;NBZ708 NBZ708 8;AMARRE;no encontrado;NO;VIDRIO TEMPL;3;Sin formaci½n arbolada;Agr­cola y prados artificiales;NO;NO;AMARRE;430330 APOYO METALICO C 2000 18 UNESA;0;757846 SEMICRUCETA HORIZONTAL SC-1500;400160 AISLADOR VIDRIO U70 BS;S7URMHAB;NO;0;NO;NO;NO
S7EULF2I//D31;NBZ708 NBZ708 8;AMARRE;no encontrado;NO;VIDRIO TEMPL;3;Sin formaci½n arbolada;Matorral;NO;NO;AMARRE;204701 APOYO HORMIGON TUBULAR HVH 4500/17;0;431030 CRUCETA DOBLE CIRCUITO DC-1;400160 AISLADOR VIDRIO U70 BS;S7EULF2I;NO;0;NO;SI;NO
S7KO6AMP//D32;NBZ708 NBZ708 8;AMARRE;no encontrado;NO;VIDRIO TEMPL;3;Sin formaci½n arbolada;Matorral;NO;NO;AMARRE;204701 APOYO HORMIGON TUBULAR HVH 4500/17;0;431030 CRUCETA DOBLE CIRCUITO DC-1;400160 AISLADOR VIDRIO U70 BS;S7KO6AMP;NO;0;NO;SI;NO
S841T57R//D37;NBZ708 NBZ708 8;ANGULO;no encontrado;NO;VIDRIO TEMPL;3;Sin formaci½n arbolada;Agr­cola y prados artificiales;NO;NO;AMARRE;430330 APOYO METALICO C 2000 18 UNESA;0;757846 SEMICRUCETA HORIZONTAL SC-1500;400160 AISLADOR VIDRIO U70 BS;S841T57R;NO;0;NO;SI;NO
S7R0WCF7//D34;NBZ708 NBZ708 8;ALINEACION;no encontrado;NO;VIDRIO TEMPL;2;Sin formaci½n arbolada;Agr­cola y prados artificiales;NO;NO;SUSPENDIDO;204698 APOYO HORMIGON TUBULAR HVH 1000/17;0;431030 CRUCETA DOBLE CIRCUITO DC-1;400160 AISLADOR VIDRIO U70 BS;S7R0WCF7;NO;0;NO;SI;NO
S7NGG35B//D33;NBZ708 NBZ708 8;ALINEACION;no encontrado;NO;VIDRIO TEMPL;2;Sin formaci½n arbolada;Agr­cola y prados artificiales;NO;NO;SUSPENDIDO;204698 APOYO HORMIGON TUBULAR HVH 1000/17;0;431030 CRUCETA DOBLE CIRCUITO DC-1;400160 AISLADOR VIDRIO U70 BS;S7NGG35B;NO;0;NO;SI;NO
S6WGD6QK//D26;NBZ708 NBZ708 8;ALINEACION;no encontrado;NO;VIDRIO TEMPL;2;Sin formaci½n arbolada;Agr­cola y prados artificiales;NO;NO;SUSPENDIDO;204698 APOYO HORMIGON TUBULAR HVH 1000/17;0;431030 CRUCETA DOBLE CIRCUITO DC-1;400160 AISLADOR VIDRIO U70 BS;S6WGD6QK;NO;0;NO;SI;NO
S6TMKI7P//D25;NBZ708 NBZ708 8;AMARRE;no encontrado;NO;VIDRIO TEMPL;3;Sin formaci½n arbolada;Agr­cola y prados artificiales;NO;NO;AMARRE;430530 APOYO METALICO C 7000 18 UNESA;0;757846 SEMICRUCETA HORIZONTAL SC-1500;400160 AISLADOR VIDRIO U70 BS;S6TMKI7P;NO;0;NO;NO;NO
S77KVV12//D29;NBZ708 NBZ708 8;AMARRE;no encontrado;NO;VIDRIO TEMPL;3;Sin formaci½n arbolada;Agr­cola y prados artificiales;NO;NO;AMARRE;204701 APOYO HORMIGON TUBULAR HVH 4500/17;0;431030 CRUCETA DOBLE CIRCUITO DC-1;400160 AISLADOR VIDRIO U70 BS;S77KVV12;NO;0;NO;SI;NO
S7ATNEM5//D30;NBZ708 NBZ708 8;ALINEACION;no encontrado;NO;VIDRIO TEMPL;2;Sin formaci½n arbolada;Matorral;NO;NO;SUSPENDIDO;204698 APOYO HORMIGON TUBULAR HVH 1000/17;0;431030 CRUCETA DOBLE CIRCUITO DC-1;400160 AISLADOR VIDRIO U70 BS;S7ATNEM5;NO;0;NO;SI;NO
S70SFJ8S//D27;NBZ708 NBZ708 8;ALINEACION;no encontrado;NO;VIDRIO TEMPL;2;Sin formaci½n arbolada;Agr­cola y prados artificiales;NO;NO;SUSPENDIDO;430330 APOYO METALICO C 2000 18 UNESA;0;757846 SEMICRUCETA HORIZONTAL SC-1500;400160 AISLADOR VIDRIO U70 BS;S70SFJ8S;NO;0;NO;NO;NO
S74SM4JO//D28;NBZ708 NBZ708 8;ALINEACION;no encontrado;NO;VIDRIO TEMPL;2;Sin formaci½n arbolada;Agr­cola y prados artificiales;NO;NO;SUSPENDIDO;204698 APOYO HORMIGON TUBULAR HVH 1000/17;0;431030 CRUCETA DOBLE CIRCUITO DC-1;400160 AISLADOR VIDRIO U70 BS;S74SM4JO;NO;0;NO;SI;NO
S6DKBCST//D20;NBZ708 NBZ708 8;ALINEACION;no encontrado;NO;VIDRIO TEMPL;2;Sin formaci½n arbolada;Agr­cola y prados artificiales;NO;NO;SUSPENDIDO;204698 APOYO HORMIGON TUBULAR HVH 1000/17;0;431030 CRUCETA DOBLE CIRCUITO DC-1;400160 AISLADOR VIDRIO U70 BS;S6DKBCST;NO;0;NO;SI;NO
S6MND6XT//D23;NBZ708 NBZ708 8;ALINEACION;no encontrado;NO;VIDRIO TEMPL;2;Sin formaci½n arbolada;Agr­cola y prados artificiales;NO;NO;SUSPENDIDO;204698 APOYO HORMIGON TUBULAR HVH 1000/17;0;431030 CRUCETA DOBLE CIRCUITO DC-1;400160 AISLADOR VIDRIO U70 BS;S6MND6XT;NO;0;NO;SI;NO
S6POMA23//D24;NBZ708 NBZ708 8;ALINEACION;no encontrado;NO;VIDRIO TEMPL;2;Sin formaci½n arbolada;Agr­cola y prados artificiales;NO;NO;SUSPENDIDO;204698 APOYO HORMIGON TUBULAR HVH 1000/17;0;431030 CRUCETA DOBLE CIRCUITO DC-1;400160 AISLADOR VIDRIO U70 BS;S6POMA23;NO;0;NO;SI;NO
S6GW2MLG//D21;NBZ708 NBZ708 8;ALINEACION;no encontrado;NO;VIDRIO TEMPL;2;Sin formaci½n arbolada;Agr­cola y prados artificiales;NO;NO;SUSPENDIDO;204698 APOYO HORMIGON TUBULAR HVH 1000/17;0;431030 CRUCETA DOBLE CIRCUITO DC-1;400160 AISLADOR VIDRIO U70 BS;S6GW2MLG;NO;0;NO;SI;NO
S6JOCF2T//D22;NBZ708 NBZ708 8;ALINEACION;no encontrado;NO;VIDRIO TEMPL;2;Sin formaci½n arbolada;Agr­cola y prados artificiales;NO;NO;SUSPENDIDO;204698 APOYO HORMIGON TUBULAR HVH 1000/17;0;431030 CRUCETA DOBLE CIRCUITO DC-1;400160 AISLADOR VIDRIO U70 BS;S6JOCF2T;NO;0;NO;SI;NO
S68L7B9D//D18;NBZ708 NBZ708 8;ANGULO;no encontrado;NO;VIDRIO TEMPL;3;Sin formaci½n arbolada;Mosaico desarbolado sobre cultivo;NO;NO;AMARRE;430560 APOYO METALICO C 9000 16 UNESA;L14 CRUCETA SOPORTE DE ELEMENTOS DE PROTECCION/CORTE;757846 SEMICRUCETA HORIZONTAL SC-1500;400160 AISLADOR VIDRIO U70 BS;S68L7B9D;NO;0;NO;SI;NO
S6B014RF//D19;NBZ708 NBZ708 8;ALINEACION;no encontrado;NO;VIDRIO TEMPL;2;Sin formaci½n arbolada;Agr­cola y prados artificiales;NO;NO;SUSPENDIDO;204698 APOYO HORMIGON TUBULAR HVH 1000/17;0;431030 CRUCETA DOBLE CIRCUITO DC-1;400160 AISLADOR VIDRIO U70 BS;S6B014RF;NO;0;NO;SI;NO
SB4W7LQT//D59-79-1 CT;NBZ708 NBZ708 8;AMARRE;ZONA_B;DESCONOCIDO;VIDRIO TEMPL;3;Sin formaci½n arbolada;Agr­cola y prados artificiales;0;;AMARRE;430230 APOYO METALICO C 1000 12;L14 CRUCETA SOPORTE DE ELEMENTOS DE PROTECCION/CORTE;16 CRUCETA RECTA;400150 AISLADOR VIDRIO U40 BS;SB4W7LQT;0;;0;SI;
S7AAX8X3//189-7;NBZ708 NBZ708 8;ANGULO;no encontrado;NO;VIDRIO TEMPL;3;Sin formaci½n arbolada;Agr­cola y prados artificiales;NO;NO;AMARRE;4 CELOSIA METALICA;L12 CRUCETA DERIVACION SIMPLE;L04 CRUCETA RECTA H-35;400150 AISLADOR VIDRIO U40 BS;S7AAX8X3;NO;0;NO;NO;NO
S84NIXJ3//D38;NBZ708 NBZ708 8;ALINEACION;no encontrado;NO;VIDRIO TEMPL;2;Sin formaci½n arbolada;Agr­cola y prados artificiales;NO;NO;SUSPENDIDO;204698 APOYO HORMIGON TUBULAR HVH 1000/17;0;431030 CRUCETA DOBLE CIRCUITO DC-1;400160 AISLADOR VIDRIO U70 BS;S84NIXJ3;NO;0;NO;SI;NO
S8530W8B//D40;NBZ708 NBZ708 8;AMARRE;no encontrado;DESCONOCIDO;VIDRIO TEMPL;3;Sin formaci½n arbolada;Agr­cola y prados artificiales;NO;NO;AMARRE;430460 APOYO METALICO C 4500 16 UNESA;431180 CRUCETA SOPORTE AUTOV.Y TERM.20 KV S.P. 4-147-2;757846 SEMICRUCETA HORIZONTAL SC-1500;400160 AISLADOR VIDRIO U70 BS;S8530W8B;NO;0;NO;SI;NO
S84WIA2F//D39;NBZ708 NBZ708 8;ALINEACION;no encontrado;NO;VIDRIO TEMPL;2;Sin formaci½n arbolada;Agr­cola y prados artificiales;NO;NO;SUSPENDIDO;204698 APOYO HORMIGON TUBULAR HVH 1000/17;0;431030 CRUCETA DOBLE CIRCUITO DC-1;400160 AISLADOR VIDRIO U70 BS;S84WIA2F;NO;0;NO;SI;NO
S865NLKC//D41;NBZ708 NBZ708 8;ALINEACION;no encontrado;NO;VIDRIO TEMPL;2;Sin formaci½n arbolada;Agr­cola y prados artificiales;NO;NO;SUSPENDIDO;204698 APOYO HORMIGON TUBULAR HVH 1000/17;0;431030 CRUCETA DOBLE CIRCUITO DC-1;400160 AISLADOR VIDRIO U70 BS;S865NLKC;NO;0;NO;SI;NO
S86G5S8R//D42;NBZ708 NBZ708 8;AMARRE;no encontrado;NO;VIDRIO TEMPL;3;Sin formaci½n arbolada;Agr­cola y prados artificiales;NO;NO;AMARRE;430450 APOYO METALICO C 4500 14 UNESA;431180 CRUCETA SOPORTE AUTOV.Y TERM.20 KV S.P. 4-147-2;757846 SEMICRUCETA HORIZONTAL SC-1500;400160 AISLADOR VIDRIO U70 BS;S86G5S8R;NO;0;NO;SI;NO
S86JV1D6//D43;NBZ708 NBZ708 8;ALINEACION;no encontrado;DESCONOCIDO;VIDRIO TEMPL;2;Sin formaci½n arbolada;Agr­cola y prados artificiales;NO;NO;SUSPENDIDO;430330 APOYO METALICO C 2000 18 UNESA;0;757846 SEMICRUCETA HORIZONTAL SC-1500;400160 AISLADOR VIDRIO U70 BS;S86JV1D6;NO;0;NO;NO;NO
S856Q41I//D51;NBZ708 NBZ708 8;ALINEACION;no encontrado;NO;VIDRIO TEMPL;2;Sin formaci½n arbolada;Matorral;NO;NO;SUSPENDIDO;204697 APOYO HORMIGON TUBULAR HVH 1000/15;0;431030 CRUCETA DOBLE CIRCUITO DC-1;400160 AISLADOR VIDRIO U70 BS;S856Q41I;NO;0;NO;SI;NO
S84736GE//D52;NBZ708 NBZ708 8;ALINEACION;no encontrado;NO;VIDRIO TEMPL;2;Sin formaci½n arbolada;Agr­cola y prados artificiales;NO;NO;SUSPENDIDO;204698 APOYO HORMIGON TUBULAR HVH 1000/17;0;431030 CRUCETA DOBLE CIRCUITO DC-1;400160 AISLADOR VIDRIO U70 BS;S84736GE;NO;0;NO;SI;NO
S86WLITM//D46;NBZ708 NBZ708 8;ALINEACION;no encontrado;NO;VIDRIO TEMPL;2;Sin formaci½n arbolada;Matorral;NO;NO;SUSPENDIDO;204697 APOYO HORMIGON TUBULAR HVH 1000/15;0;431030 CRUCETA DOBLE CIRCUITO DC-1;400160 AISLADOR VIDRIO U70 BS;S86WLITM;NO;0;NO;SI;NO
S86ODNJ7//D44;NBZ708 NBZ708 8;AMARRE;no encontrado;NO;VIDRIO TEMPL;3;Sin formaci½n arbolada;Agr­cola y prados artificiales;NO;NO;SUSPENDIDO;204701 APOYO HORMIGON TUBULAR HVH 4500/17;0;209301 CRUCETA RECTA DC-2;400160 AISLADOR VIDRIO U70 BS;S86ODNJ7;NO;0;NO;SI;NO
S872CQ0G//D47;NBZ708 NBZ708 8;ALINEACION;no encontrado;NO;VIDRIO TEMPL;2;Sin formaci½n arbolada;Matorral;NO;NO;SUSPENDIDO;204698 APOYO HORMIGON TUBULAR HVH 1000/17;0;431030 CRUCETA DOBLE CIRCUITO DC-1;400160 AISLADOR VIDRIO U70 BS;S872CQ0G;NO;0;NO;SI;NO
S8763X5V//D48;NBZ708 NBZ708 8;ANGULO;no encontrado;NO;VIDRIO TEMPL;3;Sin formaci½n arbolada;Matorral;NO;NO;AMARRE;204701 APOYO HORMIGON TUBULAR HVH 4500/17;0;209301 CRUCETA RECTA DC-2;400160 AISLADOR VIDRIO U70 BS;S8763X5V;NO;0;NO;SI;NO
S86FECA3//D49;NBZ708 NBZ708 8;AMARRE;no encontrado;NO;VIDRIO TEMPL;3;Sin formaci½n arbolada;Matorral;NO;NO;AMARRE;204697 APOYO HORMIGON TUBULAR HVH 1000/15;0;209301 CRUCETA RECTA DC-2;400160 AISLADOR VIDRIO U70 BS;S86FECA3;NO;0;NO;SI;NO
S85JGM0G//D50;NBZ708 NBZ708 8;ALINEACION;no encontrado;NO;VIDRIO TEMPL;2;Sin formaci½n arbolada;Matorral;NO;NO;SUSPENDIDO;204697 APOYO HORMIGON TUBULAR HVH 1000/15;0;431030 CRUCETA DOBLE CIRCUITO DC-1;400160 AISLADOR VIDRIO U70 BS;S85JGM0G;NO;0;NO;SI;NO
S86UD7R5//D45;NBZ708 NBZ708 8;ALINEACION;no encontrado;NO;VIDRIO TEMPL;2;Sin formaci½n arbolada;Matorral;NO;NO;SUSPENDIDO;204698 APOYO HORMIGON TUBULAR HVH 1000/17;0;431030 CRUCETA DOBLE CIRCUITO DC-1;400160 AISLADOR VIDRIO U70 BS;S86UD7R5;NO;0;NO;SI;NO
S88WOSRW//D44-2-CT;NBZ708 NBZ708 8;FINAL DE LINEA;no encontrado;DESCONOCIDO;VIDRIO TEMPL;0;Sin formaci½n arbolada;Agr­cola y prados artificiales;0;;AMARRE;4 CELOSIA METALICA;L14 CRUCETA SOPORTE DE ELEMENTOS DE PROTECCION/CORTE;L04 CRUCETA RECTA H-35;400150 AISLADOR VIDRIO U40 BS;S88WOSRW;0;;0;SI;
S62DF24C//D15;NBZ708 NBZ708 8;ANGULO;no encontrado;NO;VIDRIO TEMPL;3;Sin formaci½n arbolada;Matorral;NO;NO;AMARRE;430550 APOYO METALICO C 9000 14 UNESA;0;431030 CRUCETA DOBLE CIRCUITO DC-1;400160 AISLADOR VIDRIO U70 BS;S62DF24C;NO;0;NO;NO;NO
S61G0G0W//D14;NBZ708 NBZ708 8;ALINEACION;no encontrado;NO;VIDRIO TEMPL;2;Sin formaci½n arbolada;Matorral;NO;NO;SUSPENDIDO;204698 APOYO HORMIGON TUBULAR HVH 1000/17;0;431030 CRUCETA DOBLE CIRCUITO DC-1;400160 AISLADOR VIDRIO U70 BS;S61G0G0W;NO;0;NO;NO;NO
S5S3B69E//D10;NBZ708 NBZ708 8;ALINEACION;no encontrado;NO;VIDRIO TEMPL;2;Sin formaci½n arbolada;Matorral;NO;NO;SUSPENDIDO;204698 APOYO HORMIGON TUBULAR HVH 1000/17;0;431030 CRUCETA DOBLE CIRCUITO DC-1;400160 AISLADOR VIDRIO U70 BS;S5S3B69E;NO;0;NO;SI;NO
S5QI6POO//D9;NBZ708 NBZ708 8;AMARRE;no encontrado;NO;VIDRIO TEMPL;2;Sin formaci½n arbolada;Matorral;NO;NO;AMARRE;205939 APOYO HORMIGON TUBULAR HVH 4500/15;0;431030 CRUCETA DOBLE CIRCUITO DC-1;400160 AISLADOR VIDRIO U70 BS;S5QI6POO;NO;0;NO;SI;NO
S5OHC14B//D8;NBZ708 NBZ708 8;ANGULO;no encontrado;NO;VIDRIO TEMPL;3;Sin formaci½n arbolada;Matorral;NO;NO;AMARRE;204701 APOYO HORMIGON TUBULAR HVH 4500/17;0;431030 CRUCETA DOBLE CIRCUITO DC-1;400160 AISLADOR VIDRIO U70 BS;S5OHC14B;NO;0;NO;SI;NO
S5OKBRG7//D7;NBZ708 NBZ708 8;AMARRE;no encontrado;NO;VIDRIO TEMPL;3;Sin formaci½n arbolada;Matorral;NO;NO;AMARRE;430460 APOYO METALICO C 4500 16 UNESA;0;757846 SEMICRUCETA HORIZONTAL SC-1500;400160 AISLADOR VIDRIO U70 BS;S5OKBRG7;NO;0;NO;NO;NO
S5ONBJQT//D6;NBZ708 NBZ708 8;ALINEACION;no encontrado;NO;VIDRIO TEMPL;2;Sin formaci½n arbolada;Agr­cola y prados artificiales;NO;NO;SUSPENDIDO;430320 APOYO METALICO C 2000 16 UNESA;0;757846 SEMICRUCETA HORIZONTAL SC-1500;400160 AISLADOR VIDRIO U70 BS;S5ONBJQT;NO;0;NO;NO;NO
S5OQBC3W//D5;NBZ708 NBZ708 8;ALINEACION;no encontrado;NO;VIDRIO TEMPL;2;Sin formaci½n arbolada;Agr­cola y prados artificiales;NO;NO;SUSPENDIDO;430330 APOYO METALICO C 2000 18 UNESA;0;757846 SEMICRUCETA HORIZONTAL SC-1500;400160 AISLADOR VIDRIO U70 BS;S5OQBC3W;NO;0;NO;NO;NO
S5OSJNC8//D4;NBZ708 NBZ708 8;ALINEACION;no encontrado;NO;VIDRIO TEMPL;2;Sin formaci½n arbolada;Matorral;NO;NO;SUSPENDIDO;430320 APOYO METALICO C 2000 16 UNESA;0;757846 SEMICRUCETA HORIZONTAL SC-1500;400160 AISLADOR VIDRIO U70 BS;S5OSJNC8;NO;0;NO;NO;NO
S5VC2NN1//D12;NBZ708 NBZ708 8;ALINEACION;no encontrado;NO;VIDRIO TEMPL;3;Sin formaci½n arbolada;Agr­cola y prados artificiales;NO;NO;SUSPENDIDO;430330 APOYO METALICO C 2000 18 UNESA;0;757846 SEMICRUCETA HORIZONTAL SC-1500;400160 AISLADOR VIDRIO U70 BS;S5VC2NN1;NO;0;NO;NO;NO
S5TGG2EI//D11;NBZ708 NBZ708 8;ALINEACION;no encontrado;NO;VIDRIO TEMPL;2;Sin formaci½n arbolada;Agr­cola y prados artificiales;NO;NO;SUSPENDIDO;204698 APOYO HORMIGON TUBULAR HVH 1000/17;0;431030 CRUCETA DOBLE CIRCUITO DC-1;400160 AISLADOR VIDRIO U70 BS;S5TGG2EI;NO;0;NO;NO;NO
S5WXFFCR//D13;NBZ708 NBZ708 8;AMARRE;no encontrado;NO;VIDRIO TEMPL;3;Sin formaci½n arbolada;Agr­cola y prados artificiales;NO;NO;AMARRE;204701 APOYO HORMIGON TUBULAR HVH 4500/17;0;431030 CRUCETA DOBLE CIRCUITO DC-1;400160 AISLADOR VIDRIO U70 BS;S5WXFFCR;NO;0;NO;NO;NO
S7XMVW0M//D59-9;NBZ708 NBZ708 8;ALINEACION;no encontrado;NO;VIDRIO TEMPL;2;Sin formaci½n arbolada;Agr­cola y prados artificiales;NO;NO;SUSPENDIDO;2 HORMIGON;0;L01 CRUCETA BOVEDA B1/BR1/B2;400150 AISLADOR VIDRIO U40 BS;S7XMVW0M;NO;0;NO;NO;NO
S7WIQCFE//D59-8;NBZ708 NBZ708 8;ANGULO;no encontrado;NO;VIDRIO TEMPL;3;Sin formaci½n arbolada;Agr­cola y prados artificiales;NO;NO;AMARRE;4 CELOSIA METALICA;0;L04 CRUCETA RECTA H-35;400150 AISLADOR VIDRIO U40 BS;S7WIQCFE;NO;0;NO;NO;NO
S7UK5WW1//D59-6;NBZ708 NBZ708 8;ALINEACION;no encontrado;NO;POLIMERICO;1;Sin formaci½n arbolada;Agr­cola y prados artificiales;NO;NO;SUSPENDIDO;431420 APOYO HORMIGON HV 250 R 11 m.;0;430990 CRUCETA RECTA C-1 S.P. 4-007-0 P.H.;205954 AISLADOR COMPOSITE 20 KV;S7UK5WW1;NO;0;NO;NO;NO
S7VJ3F5T//D59-7;NBZ708 NBZ708 8;ALINEACION;no encontrado;NO;POLIMERICO;1;Sin formaci½n arbolada;Agr­cola y prados artificiales;NO;NO;SUSPENDIDO;2 HORMIGON;0;L01 CRUCETA BOVEDA B1/BR1/B2;205954 AISLADOR COMPOSITE 20 KV;S7VJ3F5T;NO;0;NO;NO;NO
S814B5B6//D59-11;NBZ708 NBZ708 8;ALINEACION;no encontrado;NO;VIDRIO TEMPL;2;Sin formaci½n arbolada;Agr­cola y prados artificiales;NO;NO;SUSPENDIDO;2 HORMIGON;0;L01 CRUCETA BOVEDA B1/BR1/B2;400150 AISLADOR VIDRIO U40 BS;S814B5B6;NO;0;NO;NO;NO
S81W0I6H//D59-12;NBZ708 NBZ708 8;ANGULO;no encontrado;SI;VIDRIO TEMPL;3;Sin formaci½n arbolada;Agr­cola y prados artificiales;NO;NO;AMARRE;5 CHAPA METALICA;L12 CRUCETA DERIVACION SIMPLE;L03 CRUCETA RECTA CR-1/C2;400150 AISLADOR VIDRIO U40 BS;S81W0I6H;NO;0;NO;NO;NO
S806545G//D59-10;NBZ708 NBZ708 8;ALINEACION;no encontrado;NO;VIDRIO TEMPL;2;Sin formaci½n arbolada;Agr­cola y prados artificiales;NO;NO;SUSPENDIDO;2 HORMIGON;0;L01 CRUCETA BOVEDA B1/BR1/B2;400150 AISLADOR VIDRIO U40 BS;S806545G;NO;0;NO;NO;NO
S81H1N5Q//D59-12-1-CT;NBZ708 NBZ708 8;FINAL DE LINEA;no encontrado;DESCONOCIDO;VIDRIO TEMPL;0;Sin formaci½n arbolada;Agr­cola y prados artificiales;0;;AMARRE;4 CELOSIA METALICA;L14 CRUCETA SOPORTE DE ELEMENTOS DE PROTECCION/CORTE;L04 CRUCETA RECTA H-35;400150 AISLADOR VIDRIO U40 BS;S81H1N5Q;0;;0;SI;
S69FM59I//D17;NBZ708 NBZ708 8;AMARRE;no encontrado;NO;VIDRIO TEMPL;3;Sin formaci½n arbolada;Mosaico desarbolado sobre cultivo;NO;NO;AMARRE;205938 APOYO HORMIGON TUBULAR HVH 3500/15;L14 CRUCETA SOPORTE DE ELEMENTOS DE PROTECCION/CORTE;431030 CRUCETA DOBLE CIRCUITO DC-1;400160 AISLADOR VIDRIO U70 BS;S69FM59I;NO;0;NO;SI;NO
S644J141//D16;NBZ708 NBZ708 8;AMARRE;no encontrado;SI;VIDRIO TEMPL;3;Sin formaci½n arbolada;Artificial;NO;NO;AMARRE;430550 APOYO METALICO C 9000 14 UNESA;L14 CRUCETA SOPORTE DE ELEMENTOS DE PROTECCION/CORTE;431030 CRUCETA DOBLE CIRCUITO DC-1;400160 AISLADOR VIDRIO U70 BS;S644J141;NO;0;NO;SI;NO
S5PFI312//D2X1;NBZ708 NBZ708 8;ANGULO;no encontrado;NO;VIDRIO TEMPL;3;Bosques mixtos de frondosas en region biogeogrÿfica mediterranea;Bosque;NO;NO;AMARRE;430470 APOYO METALICO C 4500 18 UNESA;0;L14 CRUCETA SOPORTE DE ELEMENTOS DE PROTECCION/CORTE;400160 AISLADOR VIDRIO U70 BS;S5PFI312;NO;0;NO;SI;NO
S84S1M0G//D37-1-1;NBZ708 NBZ708 8;ALINEACION;no encontrado;DESCONOCIDO;VIDRIO TEMPL;0;Sin formaci½n arbolada;Agr­cola y prados artificiales;SI;NO;SUSPENDIDO;2 HORMIGON;0;L01 CRUCETA BOVEDA B1/BR1/B2;400150 AISLADOR VIDRIO U40 BS;S84S1M0G;NO;0;NO;NO;NO
S88D9C3N//D40-1;NBZ708 NBZ708 8;AMARRE;no encontrado;DESCONOCIDO;VIDRIO TEMPL;3;Sin formaci½n arbolada;Agr­cola y prados artificiales;NO;NO;AMARRE;430470 APOYO METALICO C 4500 18 UNESA;0;209301 CRUCETA RECTA DC-2;400160 AISLADOR VIDRIO U70 BS;S88D9C3N;NO;0;NO;NO;NO
S9WS1K4W//D59-57;NBZ708 NBZ708 8;AMARRE;ZONA_B;NO;POLIMERICO;1;Sin formaci½n arbolada;Matorral;SI;NO;AMARRE;4 CELOSIA METALICA;9 NO APLICA;L04 CRUCETA RECTA H-35;205954 AISLADOR COMPOSITE 20 KV;S9WS1K4W;NO;SI;NO;NO;NO
SA5L9D5K//D59-61;NBZ708 NBZ708 8;ALINEACION;ZONA_B;NO;VIDRIO TEMPL;3;Sin formaci½n arbolada;Agr­cola y prados artificiales;NO;NO;SUSPENDIDO;2 HORMIGON;9 NO APLICA;430840 CRUCETA BOVEDA B-1;400150 AISLADOR VIDRIO U40 BS;SA5L9D5K;NO;SI;NO;NO;NO
SA715OGG//D59-62;NBZ708 NBZ708 8;ANGULO;ZONA_B;NO;POLIMERICO;1;Pinares de pino carrasco;Bosque Plantaci½n;SI;NO;AMARRE;4 CELOSIA METALICA;9 NO APLICA;L04 CRUCETA RECTA H-35;205954 AISLADOR COMPOSITE 20 KV;SA715OGG;NO;SI;NO;NO;NO
SA3FW02P//D59-60;NBZ708 NBZ708 8;ALINEACION;ZONA_B;NO;POLIMERICO;1;Sin formaci½n arbolada;Matorral;NO;NO;AMARRE;430148 APOYO CHAPA METALICA CH 400 11 P UNESA;9 NO APLICA;430840 CRUCETA BOVEDA B-1;205954 AISLADOR COMPOSITE 20 KV;SA3FW02P;NO;SI;NO;NO;NO
SA046O6W//D59-58;NBZ708 NBZ708 8;ANGULO;ZONA_B;NO;POLIMERICO;1;Sin formaci½n arbolada;Matorral;SI;NO;AMARRE;4 CELOSIA METALICA;9 NO APLICA;L04 CRUCETA RECTA H-35;205954 AISLADOR COMPOSITE 20 KV;SA046O6W;NO;SI;NO;NO;NO
SA20IQMI//D59-59;NBZ708 NBZ708 8;ALINEACION;ZONA_B;NO;VIDRIO TEMPL;3;Sin formaci½n arbolada;Matorral;NO;NO;SUSPENDIDO;2 HORMIGON;9 NO APLICA;430840 CRUCETA BOVEDA B-1;400150 AISLADOR VIDRIO U40 BS;SA20IQMI;NO;SI;NO;NO;NO
SA8L1K81//D59-63;NBZ708 NBZ708 8;ANGULO;ZONA_B;NO;VIDRIO TEMPL;3;Pinares de pino carrasco;Bosque Plantaci½n;NO;NO;PICO DE PATO;4 CELOSIA METALICA;L12 CRUCETA DERIVACION SIMPLE;L04 CRUCETA RECTA H-35;400150 AISLADOR VIDRIO U40 BS;SA8L1K81;NO;SI;NO;SI;NO
S9R185I1//D59-54;NBZ708 NBZ708 8;AMARRE;ZONA_B;NO;POLIMERICO;1;Sin formaci½n arbolada;Agr­cola y prados artificiales;SI;NO;AMARRE;4 CELOSIA METALICA;9 NO APLICA;L04 CRUCETA RECTA H-35;205954 AISLADOR COMPOSITE 20 KV;S9R185I1;NO;SI;NO;NO;NO
S9SL4188//D59-55;NBZ708 NBZ708 8;ANGULO;ZONA_B;NO;POLIMERICO;1;Sin formaci½n arbolada;Agr­cola y prados artificiales;SI;NO;AMARRE;4 CELOSIA METALICA;9 NO APLICA;L04 CRUCETA RECTA H-35;205954 AISLADOR COMPOSITE 20 KV;S9SL4188;NO;SI;NO;NO;NO
S9VK4R87//D59-56;NBZ708 NBZ708 8;ALINEACION;ZONA_B;NO;VIDRIO TEMPL;3;Sin formaci½n arbolada;Matorral;NO;NO;SUSPENDIDO;2 HORMIGON;9 NO APLICA;430840 CRUCETA BOVEDA B-1;400150 AISLADOR VIDRIO U40 BS;S9VK4R87;NO;SI;NO;NO;NO
S9IG4WEF//D59-50;NBZ708 NBZ708 8;ALINEACION;ZONA_B;NO;VIDRIO TEMPL;3;Pinares de pino carrasco;Bosque Plantaci½n;NO;NO;SUSPENDIDO;2 HORMIGON;9 NO APLICA;430840 CRUCETA BOVEDA B-1;400150 AISLADOR VIDRIO U40 BS;S9IG4WEF;NO;SI;NO;SI;NO
S9K78VHR//D59-51;NBZ708 NBZ708 8;ALINEACION;ZONA_B;NO;VIDRIO TEMPL;3;Pinares de pino carrasco;Bosque Plantaci½n;NO;NO;SUSPENDIDO;2 HORMIGON;9 NO APLICA;430840 CRUCETA BOVEDA B-1;400150 AISLADOR VIDRIO U40 BS;S9K78VHR;NO;SI;NO;NO;NO
S9ODF1BO//D59-53;NBZ708 NBZ708 8;ALINEACION;ZONA_B;NO;VIDRIO TEMPL;3;Sin formaci½n arbolada;Agr­cola y prados artificiales;NO;NO;SUSPENDIDO;2 HORMIGON;9 NO APLICA;430840 CRUCETA BOVEDA B-1;400150 AISLADOR VIDRIO U40 BS;S9ODF1BO;NO;SI;NO;NO;NO
S9M5TB4P//D59-52;NBZ708 NBZ708 8;ANGULO;ZONA_B;NO;POLIMERICO;1;Sin formaci½n arbolada;Agr­cola y prados artificiales;SI;NO;AMARRE;4 CELOSIA METALICA;9 NO APLICA;L04 CRUCETA RECTA H-35;205954 AISLADOR COMPOSITE 20 KV;S9M5TB4P;NO;SI;NO;NO;NO
SATW5JKO//D59-74;NBZ708 NBZ708 8;ANGULO;ZONA_B;SI;VIDRIO TEMPL;3;Sin formaci½n arbolada;Artificial;NO;NO;AMARRE;4 CELOSIA METALICA;9 NO APLICA;L04 CRUCETA RECTA H-35;400150 AISLADOR VIDRIO U40 BS;SATW5JKO;NO;SI;NO;SI;NO
SAQ6WASR//D59-72;NBZ708 NBZ708 8;ALINEACION;ZONA_B;SI;VIDRIO TEMPL;2;Sin formaci½n arbolada;Artificial;NO;NO;SUSPENDIDO CRUCE ARMOROD;431420 APOYO HORMIGON HV 250 R 11 m.;9 NO APLICA;430840 CRUCETA BOVEDA B-1;400150 AISLADOR VIDRIO U40 BS;SAQ6WASR;NO;SI;NO;SI;NO
SAS99VNN//D59-73;NBZ708 NBZ708 8;ALINEACION;ZONA_B;SI;VIDRIO TEMPL;2;Sin formaci½n arbolada;Artificial;NO;NO;SUSPENDIDO CRUCE ARMOROD;431420 APOYO HORMIGON HV 250 R 11 m.;9 NO APLICA;430840 CRUCETA BOVEDA B-1;400150 AISLADOR VIDRIO U40 BS;SAS99VNN;NO;SI;NO;SI;NO
SAM60AF0//D59-70;NBZ708 NBZ708 8;ANGULO;ZONA_B;SI;VIDRIO TEMPL;3;Sin formaci½n arbolada;Artificial;NO;NO;AMARRE;4 CELOSIA METALICA;9 NO APLICA;430880 CRUCETA BOVEDA CB-1 ACERO GALV.;400150 AISLADOR VIDRIO U40 BS;SAM60AF0;NO;SI;NO;SI;NO
SAOEBFMR//D59-71;NBZ708 NBZ708 8;ANGULO;ZONA_B;NO;VIDRIO TEMPL;3;Sin formaci½n arbolada;Artificial;NO;NO;AMARRE;4 CELOSIA METALICA;9 NO APLICA;430880 CRUCETA BOVEDA CB-1 ACERO GALV.;400150 AISLADOR VIDRIO U40 BS;SAOEBFMR;NO;SI;NO;SI;NO
SB32L0DN//D59-78;NBZ708 NBZ708 8;ALINEACION;ZONA_B;SI;VIDRIO TEMPL;2;Sin formaci½n arbolada;Artificial;NO;NO;SUSPENDIDO CRUCE ARMOROD;431420 APOYO HORMIGON HV 250 R 11 m.;9 NO APLICA;430840 CRUCETA BOVEDA B-1;400150 AISLADOR VIDRIO U40 BS;SB32L0DN;NO;SI;NO;SI;NO
SB51WT27//D59-79;NBZ708 NBZ708 8;ANGULO;ZONA_B;SI;VIDRIO TEMPL;3;Sin formaci½n arbolada;Artificial;NO;NO;AMARRE;4 CELOSIA METALICA;L12 CRUCETA DERIVACION SIMPLE;L04 CRUCETA RECTA H-35;400150 AISLADOR VIDRIO U40 BS;SB51WT27;NO;SI;NO;SI;NO
SB15HGUF//D59-77;NBZ708 NBZ708 8;ALINEACION;ZONA_B;SI;VIDRIO TEMPL;2;Sin formaci½n arbolada;Artificial;NO;NO;SUSPENDIDO CRUCE ARMOROD;431420 APOYO HORMIGON HV 250 R 11 m.;9 NO APLICA;430840 CRUCETA BOVEDA B-1;400150 AISLADOR VIDRIO U40 BS;SB15HGUF;NO;SI;NO;SI;NO
S9JAJQF3//D59-48-3;NBZ708 NBZ708 8;ALINEACION;ZONA_B;NO;VIDRIO TEMPL;2;Pinares de pino carrasco;Bosque Plantaci½n;NO;NO;SUSPENDIDO;2 HORMIGON;9 NO APLICA;430840 CRUCETA BOVEDA B-1;400160 AISLADOR VIDRIO U70 BS;S9JAJQF3;NO;SI;NO;NO;NO
S9L5EWSE//D59-48-4;NBZ708 NBZ708 8;ALINEACION;ZONA_B;NO;VIDRIO TEMPL;2;Pinares de pino carrasco;Bosque Plantaci½n;NO;NO;SUSPENDIDO;2 HORMIGON;9 NO APLICA;430840 CRUCETA BOVEDA B-1;400160 AISLADOR VIDRIO U70 BS;S9L5EWSE;NO;SI;NO;NO;NO
S9MNRWGQ//D59-48-5;NBZ708 NBZ708 8;ALINEACION;ZONA_B;NO;VIDRIO TEMPL;2;Sin formaci½n arbolada;Matorral;NO;NO;SUSPENDIDO;2 HORMIGON;9 NO APLICA;430840 CRUCETA BOVEDA B-1;400160 AISLADOR VIDRIO U70 BS;S9MNRWGQ;NO;SI;NO;NO;NO
S9HK78CL//D59-48-2;NBZ708 NBZ708 8;ALINEACION;ZONA_B;NO;VIDRIO TEMPL;2;Pinares de pino carrasco;Bosque Plantaci½n;NO;NO;SUSPENDIDO;2 HORMIGON;9 NO APLICA;430840 CRUCETA BOVEDA B-1;400160 AISLADOR VIDRIO U70 BS;S9HK78CL;NO;SI;NO;NO;NO
S9SVK89X//D59-48-10;NBZ708 NBZ708 8;ALINEACION;ZONA_B;NO;VIDRIO TEMPL;2;Pinares de pino carrasco;Bosque Plantaci½n;NO;NO;SUSPENDIDO;2 HORMIGON;9 NO APLICA;430840 CRUCETA BOVEDA B-1;400160 AISLADOR VIDRIO U70 BS;S9SVK89X;NO;SI;NO;NO;NO
S9OEVVL6//D59-48-6;NBZ708 NBZ708 8;ALINEACION;ZONA_B;NO;VIDRIO TEMPL;2;Pinares de pino carrasco;Bosque Plantaci½n;NO;NO;SUSPENDIDO;2 HORMIGON;9 NO APLICA;430840 CRUCETA BOVEDA B-1;400160 AISLADOR VIDRIO U70 BS;S9OEVVL6;NO;SI;NO;NO;NO
S9PP31O3//D59-48-7;NBZ708 NBZ708 8;ALINEACION;ZONA_B;NO;VIDRIO TEMPL;2;Pinares de pino carrasco;Bosque Plantaci½n;NO;NO;SUSPENDIDO;2 HORMIGON;9 NO APLICA;430840 CRUCETA BOVEDA B-1;400160 AISLADOR VIDRIO U70 BS;S9PP31O3;NO;SI;NO;NO;NO
S9QN92WJ//D59-48-8;NBZ708 NBZ708 8;ALINEACION;ZONA_B;NO;VIDRIO TEMPL;3;Pinares de pino carrasco;Bosque Plantaci½n;NO;NO;SUSPENDIDO;6 FIBRA DE VIDRIO;9 NO APLICA;430840 CRUCETA BOVEDA B-1;400160 AISLADOR VIDRIO U70 BS;S9QN92WJ;NO;SI;NO;NO;NO
S9R5OS3P//D59-48-9;NBZ708 NBZ708 8;ALINEACION;ZONA_B;NO;VIDRIO TEMPL;2;Pinares de pino carrasco;Bosque Plantaci½n;NO;NO;SUSPENDIDO;2 HORMIGON;9 NO APLICA;430840 CRUCETA BOVEDA B-1;400160 AISLADOR VIDRIO U70 BS;S9R5OS3P;NO;SI;NO;NO;NO
S9WVQRRJ//D59-48-12;NBZ708 NBZ708 8;ALINEACION;ZONA_B;NO;VIDRIO TEMPL;2;Pinares de pino carrasco;Bosque Plantaci½n;NO;NO;SUSPENDIDO;2 HORMIGON;9 NO APLICA;430840 CRUCETA BOVEDA B-1;400160 AISLADOR VIDRIO U70 BS;S9WVQRRJ;NO;SI;NO;NO;NO
S9UVNI1O//D59-48-11;NBZ708 NBZ708 8;ALINEACION;ZONA_B;NO;VIDRIO TEMPL;2;Pinares de pino carrasco;Bosque Plantaci½n;NO;NO;SUSPENDIDO;2 HORMIGON;9 NO APLICA;430840 CRUCETA BOVEDA B-1;400160 AISLADOR VIDRIO U70 BS;S9UVNI1O;NO;SI;NO;NO;NO
SA4W2N0P//D59-48-15;NBZ708 NBZ708 8;AMARRE;no encontrado;DESCONOCIDO;VIDRIO TEMPL;2;Bosques ribereÏos;A.F.M. (Riberas);0;;AMARRE;208843 APOYO METALICO T 1250 11 M.;0;16 CRUCETA RECTA;400150 AISLADOR VIDRIO U40 BS;SA4W2N0P;0;;0;NO;
SAA3VNQU//D59-63-1-CT;NBZ708 NBZ708 8;FINAL DE LINEA;ZONA_B;NO;VIDRIO TEMPL;3;Pinares de pino carrasco;Bosque Plantaci½n;NO;NO;AMARRE;4 CELOSIA METALICA;431756 CRUCETA SOPORTE TRAFO SOBRE APOYO METALICO;L04 CRUCETA RECTA H-35;400150 AISLADOR VIDRIO U40 BS;SAA3VNQU;NO;SI;NO;SI;NO
SAJTES0E//D59-69;NBZ708 NBZ708 8;ANGULO;ZONA_B;SI;VIDRIO TEMPL;3;Sin formaci½n arbolada;Artificial;NO;NO;PICO DE PATO;4 CELOSIA METALICA;9 NO APLICA;L04 CRUCETA RECTA H-35;400150 AISLADOR VIDRIO U40 BS;SAJTES0E;NO;SI;NO;SI;NO
S75OJP8F//189-9;NBZ708 NBZ708 8;ANGULO;no encontrado;NO;VIDRIO TEMPL;0;Sin formaci½n arbolada;Agr­cola y prados artificiales;NO;NO;AMARRE;4 CELOSIA METALICA;0;L08 CRUCETA TRIANGULO T-35;400150 AISLADOR VIDRIO U40 BS;S75OJP8F;NO;0;NO;NO;NO
S73NP0J2//189-10;NBZ708 NBZ708 8;ANGULO;no encontrado;NO;VIDRIO TEMPL;3;Sin formaci½n arbolada;Agr­cola y prados artificiales;NO;NO;AMARRE;4 CELOSIA METALICA;0;L08 CRUCETA TRIANGULO T-35;400150 AISLADOR VIDRIO U40 BS;S73NP0J2;NO;0;NO;NO;NO
S78157MX//189-8;NBZ708 NBZ708 8;ANGULO;no encontrado;NO;VIDRIO TEMPL;0;Sin formaci½n arbolada;Agr­cola y prados artificiales;NO;NO;AMARRE;4 CELOSIA METALICA;0;L08 CRUCETA TRIANGULO T-35;400150 AISLADOR VIDRIO U40 BS;S78157MX;NO;0;NO;NO;NO
S71G5AC8//189-11;NBZ708 NBZ708 8;ANGULO;no encontrado;DESCONOCIDO;VIDRIO TEMPL;0;Sin formaci½n arbolada;Agr­cola y prados artificiales;NO;NO;AMARRE;4 CELOSIA METALICA;L08 CRUCETA TRIANGULO T-35;L04 CRUCETA RECTA H-35;400150 AISLADOR VIDRIO U40 BS;S71G5AC8;NO;0;NO;NO;NO
S71467HF//189-12;NBZ708 NBZ708 8;ANCLAJE;no encontrado;DESCONOCIDO;VIDRIO TEMPL;0;Sin formaci½n arbolada;Agr­cola y prados artificiales;NO;NO;AMARRE;4 CELOSIA METALICA;L14 CRUCETA SOPORTE DE ELEMENTOS DE PROTECCION/CORTE;L04 CRUCETA RECTA H-35;400150 AISLADOR VIDRIO U40 BS;S71467HF;NO;0;NO;NO;NO
S7OPTMG9//D59-1;NBZ708 NBZ708 8;FINAL DE LINEA;no encontrado;SI;VIDRIO TEMPL;3;Sin formaci½n arbolada;Agr­cola y prados artificiales;NO;NO;AMARRE;205930 APOYO HORMIGON TUBULAR HVH 2500/13;L14 CRUCETA SOPORTE DE ELEMENTOS DE PROTECCION/CORTE;430670 CRUCETA HORIZONTAL C-C1-30;400150 AISLADOR VIDRIO U40 BS;S7OPTMG9;NO;0;NO;SI;NO
S7Q6HER3//D59-2;NBZ708 NBZ708 8;ANGULO;no encontrado;DESCONOCIDO;VIDRIO TEMPL;0;Sin formaci½n arbolada;Agr­cola y prados artificiales;NO;NO;AMARRE;4 CELOSIA METALICA;0;L04 CRUCETA RECTA H-35;400150 AISLADOR VIDRIO U40 BS;S7Q6HER3;NO;0;NO;NO;NO
S7R36JTR//D59-3;NBZ708 NBZ708 8;ANCLAJE;VEGAS. CUESTAS Y PARAMOS DEL SURESTE DE MADRID;SI;VIDRIO TEMPL;0;Sin formaci½n arbolada;Agr­cola y prados artificiales;SI;NO;AMARRE;4 CELOSIA METALICA;L14 CRUCETA SOPORTE DE ELEMENTOS DE PROTECCION/CORTE;430670 CRUCETA HORIZONTAL C-C1-30;400150 AISLADOR VIDRIO U40 BS;S7R36JTR;NO;0;NO;SI;NO
S7MBIWHE//D59-3-3-1-CT;NBZ708 NBZ708 8;FINAL DE LINEA;VEGAS. CUESTAS Y PARAMOS DEL SURESTE DE MADRID;NO;VIDRIO TEMPL;3;Sin formaci½n arbolada;Agr­cola y prados artificiales;NO;NO;AMARRE;4 CELOSIA METALICA;431756 CRUCETA SOPORTE TRAFO SOBRE APOYO METALICO;L04 CRUCETA RECTA H-35;400150 AISLADOR VIDRIO U40 BS;S7MBIWHE;NO;0;NO;SI;NO
S7NTVW28//D59-3-4;NBZ708 NBZ708 8;ANGULO;VEGAS. CUESTAS Y PARAMOS DEL SURESTE DE MADRID;NO;VIDRIO TEMPL;0;Sin formaci½n arbolada;Agr­cola y prados artificiales;NO;NO;AMARRE;4 CELOSIA METALICA;L14 CRUCETA SOPORTE DE ELEMENTOS DE PROTECCION/CORTE;L04 CRUCETA RECTA H-35;400150 AISLADOR VIDRIO U40 BS;S7NTVW28;NO;0;NO;SI;NO
S7MARHA0//D59-3-5;NBZ708 NBZ708 8;ANGULO;VEGAS. CUESTAS Y PARAMOS DEL SURESTE DE MADRID;NO;VIDRIO TEMPL;3;Sin formaci½n arbolada;Agr­cola y prados artificiales;NO;NO;AMARRE;4 CELOSIA METALICA;L12 CRUCETA DERIVACION SIMPLE;L04 CRUCETA RECTA H-35;400150 AISLADOR VIDRIO U40 BS;S7MARHA0;NO;0;NO;SI;NO
S8FV6L93//D59-27;NBZ708 NBZ708 8;ALINEACION;ZONA_B;NO;VIDRIO TEMPL;2;Sin formaci½n arbolada;Agr­cola y prados artificiales;NO;NO;SUSPENDIDO;2 HORMIGON;0;L01 CRUCETA BOVEDA B1/BR1/B2;400160 AISLADOR VIDRIO U70 BS;S8FV6L93;NO;SI;NO;NO;NO
S8HV9UT5//D59-29;NBZ708 NBZ708 8;ALINEACION;ZONA_B;SI;VIDRIO TEMPL;2;Sin formaci½n arbolada;Agr­cola y prados artificiales;NO;NO;SUSPENDIDO;2 HORMIGON;0;L01 CRUCETA BOVEDA B1/BR1/B2;400160 AISLADOR VIDRIO U70 BS;S8HV9UT5;NO;SI;NO;NO;NO
S8GX3TNL//D59-28;NBZ708 NBZ708 8;ESPECIAL;ZONA_B;NO;VIDRIO TEMPL;0;Sin formaci½n arbolada;Agr­cola y prados artificiales;NO;NO;AMARRE;2 HORMIGON;0;L01 CRUCETA BOVEDA B1/BR1/B2;400160 AISLADOR VIDRIO U70 BS;S8GX3TNL;NO;SI;NO;NO;NO
S8JQUI4S//D59-31;NBZ708 NBZ708 8;ANCLAJE;ZONA_B;NO;VIDRIO TEMPL;3;Pinares de pino carrasco;Bosque Plantaci½n;NO;NO;PICO DE PATO;4 CELOSIA METALICA;L14 CRUCETA SOPORTE DE ELEMENTOS DE PROTECCION/CORTE;L04 CRUCETA RECTA H-35;400160 AISLADOR VIDRIO U70 BS;S8JQUI4S;NO;SI;NO;SI;NO
S8IUWS47//D59-30;NBZ708 NBZ708 8;ALINEACION;ZONA_B;NO;VIDRIO TEMPL;2;Sin formaci½n arbolada;Agr­cola y prados artificiales;NO;NO;SUSPENDIDO;2 HORMIGON;0;L01 CRUCETA BOVEDA B1/BR1/B2;400160 AISLADOR VIDRIO U70 BS;S8IUWS47;NO;SI;NO;NO;NO
S9B6FE4T//D59-45;NBZ708 NBZ708 8;ALINEACION;ZONA_B;NO;VIDRIO TEMPL;4;Sin formaci½n arbolada;Agr­cola y prados artificiales;NO;NO;SUSPENDIDO;430148 APOYO CHAPA METALICA CH 400 11 P UNESA;9 NO APLICA;430840 CRUCETA BOVEDA B-1;400160 AISLADOR VIDRIO U70 BS;S9B6FE4T;NO;SI;NO;NO;NO
S98JDOV2//D59-44;NBZ708 NBZ708 8;ALINEACION;ZONA_B;NO;VIDRIO TEMPL;2;Sin formaci½n arbolada;Agr­cola y prados artificiales;NO;NO;SUSPENDIDO;2 HORMIGON;9 NO APLICA;430840 CRUCETA BOVEDA B-1;400160 AISLADOR VIDRIO U70 BS;S98JDOV2;NO;SI;NO;NO;NO
S9EKF18O//D59-47;NBZ708 NBZ708 8;AMARRE;ZONA_B;NO;VIDRIO TEMPL;3;Pinares de pino carrasco;Bosque Plantaci½n;NO;NO;AMARRE;4 CELOSIA METALICA;L14 CRUCETA SOPORTE DE ELEMENTOS DE PROTECCION/CORTE;L03 CRUCETA RECTA CR-1/C2;400160 AISLADOR VIDRIO U70 BS;S9EKF18O;NO;SI;NO;NO;NO
S9C9TIPU//D59-46;NBZ708 NBZ708 8;ALINEACION;ZONA_B;NO;VIDRIO TEMPL;2;Sin formaci½n arbolada;Agr­cola y prados artificiales;NO;NO;SUSPENDIDO;2 HORMIGON;9 NO APLICA;430840 CRUCETA BOVEDA B-1;400160 AISLADOR VIDRIO U70 BS;S9C9TIPU;NO;SI;NO;NO;NO
S935AS15//D59-41;NBZ708 NBZ708 8;ALINEACION;ZONA_B;NO;VIDRIO TEMPL;2;Sin formaci½n arbolada;Matorral;NO;NO;SUSPENDIDO;2 HORMIGON;9 NO APLICA;430840 CRUCETA BOVEDA B-1;400160 AISLADOR VIDRIO U70 BS;S935AS15;NO;SI;NO;NO;NO
S96NR3FP//D59-43;NBZ708 NBZ708 8;ALINEACION;ZONA_B;NO;VIDRIO TEMPL;2;Sin formaci½n arbolada;Agr­cola y prados artificiales;NO;NO;SUSPENDIDO;2 HORMIGON;9 NO APLICA;430840 CRUCETA BOVEDA B-1;400160 AISLADOR VIDRIO U70 BS;S96NR3FP;NO;SI;NO;NO;NO
S94UER5Q//D59-42;NBZ708 NBZ708 8;ALINEACION;ZONA_B;NO;VIDRIO TEMPL;2;Pinares de pino carrasco;Bosque Plantaci½n;NO;NO;SUSPENDIDO;2 HORMIGON;9 NO APLICA;430840 CRUCETA BOVEDA B-1;400160 AISLADOR VIDRIO U70 BS;S94UER5Q;NO;SI;NO;NO;NO
S8NECJMT//D59-33;NBZ708 NBZ708 8;AMARRE;ZONA_B;NO;VIDRIO TEMPL;3;Pinares de pino carrasco;Bosque Plantaci½n;NO;NO;AMARRE;430213 APOYO CHAPA METALICA CH 630 11 P UNESA;9 NO APLICA;431020 CRUCETA RECTA CR-1 S.P. 4-108-2;400160 AISLADOR VIDRIO U70 BS;S8NECJMT;NO;SI;NO;NO;NO
S8LO01LP//D59-32;NBZ708 NBZ708 8;ALINEACION;ZONA_B;NO;VIDRIO TEMPL;2;Pinares de pino carrasco;Bosque Plantaci½n;NO;NO;SUSPENDIDO;2 HORMIGON;9 NO APLICA;430840 CRUCETA BOVEDA B-1;400160 AISLADOR VIDRIO U70 BS;S8LO01LP;NO;SI;NO;NO;NO
S8W1O3VO//D59-38;NBZ708 NBZ708 8;ALINEACION;ZONA_B;NO;VIDRIO TEMPL;2;Sin formaci½n arbolada;Matorral;NO;NO;SUSPENDIDO;2 HORMIGON;9 NO APLICA;430840 CRUCETA BOVEDA B-1;400160 AISLADOR VIDRIO U70 BS;S8W1O3VO;NO;SI;NO;NO;NO
S8XKSIKL//D59-39;NBZ708 NBZ708 8;ANGULO;ZONA_B;NO;VIDRIO TEMPL;3;Sin formaci½n arbolada;Matorral;NO;NO;AMARRE;4 CELOSIA METALICA;9 NO APLICA;L04 CRUCETA RECTA H-35;400150 AISLADOR VIDRIO U40 BS;S8XKSIKL;NO;SI;NO;NO;NO
S91H6L3M//D59-40;NBZ708 NBZ708 8;AMARRE;ZONA_B;NO;VIDRIO TEMPL;3;Sin formaci½n arbolada;Matorral;NO;NO;AMARRE;430213 APOYO CHAPA METALICA CH 630 11 P UNESA;431140 MENSULA PASO FASE S.P. 4-151-2;431020 CRUCETA RECTA CR-1 S.P. 4-108-2;400160 AISLADOR VIDRIO U70 BS;S91H6L3M;NO;SI;NO;NO;NO
S8UU1M6K//D59-37;NBZ708 NBZ708 8;ALINEACION;ZONA_C;NO;VIDRIO TEMPL;2;Sin formaci½n arbolada;Matorral;NO;NO;SUSPENDIDO;2 HORMIGON;9 NO APLICA;430840 CRUCETA BOVEDA B-1;400160 AISLADOR VIDRIO U70 BS;S8UU1M6K;NO;SI;NO;NO;NO
S8PCWX9A//D59-34;NBZ708 NBZ708 8;ALINEACION;ZONA_B;NO;VIDRIO TEMPL;2;Sin formaci½n arbolada;Matorral;NO;NO;SUSPENDIDO;2 HORMIGON;9 NO APLICA;430840 CRUCETA BOVEDA B-1;400160 AISLADOR VIDRIO U70 BS;S8PCWX9A;NO;SI;NO;NO;NO
S8RSQJ24//D59-35;NBZ708 NBZ708 8;AMARRE;ZONA_B;NO;VIDRIO TEMPL;3;Sin formaci½n arbolada;Matorral;NO;NO;AMARRE;430148 APOYO CHAPA METALICA CH 400 11 P UNESA;9 NO APLICA;430840 CRUCETA BOVEDA B-1;400160 AISLADOR VIDRIO U70 BS;S8RSQJ24;NO;SI;NO;NO;NO
S8SNWS2N//D59-36;NBZ708 NBZ708 8;ALINEACION;ZONA_B;NO;VIDRIO TEMPL;2;Sin formaci½n arbolada;Matorral;NO;NO;SUSPENDIDO;2 HORMIGON;9 NO APLICA;430840 CRUCETA BOVEDA B-1;400160 AISLADOR VIDRIO U70 BS;S8SNWS2N;NO;SI;NO;NO;NO
S8E32U09//D59-26-1-CT;NBZ708 NBZ708 8;FINAL DE LINEA;ZONA_B;DESCONOCIDO;VIDRIO TEMPL;0;Sin formaci½n arbolada;Agr­cola y prados artificiales;NO;NO;AMARRE;4 CELOSIA METALICA;L14 CRUCETA SOPORTE DE ELEMENTOS DE PROTECCION/CORTE;L08 CRUCETA TRIANGULO T-35;400150 AISLADOR VIDRIO U40 BS;S8E32U09;NO;SI;NO;SI;NO
S87L2SME//D44-1;NBZ708 NBZ708 8;AMARRE;no encontrado;DESCONOCIDO;VIDRIO TEMPL;3;Sin formaci½n arbolada;Agr­cola y prados artificiales;0;;AMARRE;205932 APOYO HORMIGON TUBULAR HVH 3500/13;L14 CRUCETA SOPORTE DE ELEMENTOS DE PROTECCION/CORTE;209301 CRUCETA RECTA DC-2;400160 AISLADOR VIDRIO U70 BS;S87L2SME;0;;0;NO;
S859PVF1//D42-2-CT;NBZ708 NBZ708 8;FINAL DE LINEA;no encontrado;DESCONOCIDO;VIDRIO;0;Sin formaci½n arbolada;Agr­cola y prados artificiales;0;;AMARRE;4 CELOSIA METALICA;L14 CRUCETA SOPORTE DE ELEMENTOS DE PROTECCION/CORTE;L04 CRUCETA RECTA H-35;2 CADENA RIGIDA DE VIDRIO CON ANTI-PAJAROS;S859PVF1;0;;0;NO;
S7ALFFNX//189-7-1;NBZ708 NBZ708 8;FINAL DE LINEA;no encontrado;NO;VIDRIO TEMPL;2;Sin formaci½n arbolada;Agr­cola y prados artificiales;NO;NO;AMARRE;4 CELOSIA METALICA;L14 CRUCETA SOPORTE DE ELEMENTOS DE PROTECCION/CORTE;L04 CRUCETA RECTA H-35;400150 AISLADOR VIDRIO U40 BS;S7ALFFNX;NO;0;NO;SI;NO
S8L1IVBG//D37-6-4-CT;NBZ708 NBZ708 8;FINAL DE LINEA;VEGAS. CUESTAS Y PARAMOS DEL SURESTE DE MADRID;DESCONOCIDO;VIDRIO TEMPL;0;Sin formaci½n arbolada;Agr­cola y prados artificiales;0;;AMARRE;4 CELOSIA METALICA;431756 CRUCETA SOPORTE TRAFO SOBRE APOYO METALICO;L12 CRUCETA DERIVACION SIMPLE;400150 AISLADOR VIDRIO U40 BS;S8L1IVBG;0;;0;NO;
S8JGEGPR//D37-6-2;NBZ708 NBZ708 8;ANCLAJE;no encontrado;DESCONOCIDO;VIDRIO TEMPL;0;Sin formaci½n arbolada;Matorral;0;;AMARRE;4 CELOSIA METALICA;0;L04 CRUCETA RECTA H-35;400150 AISLADOR VIDRIO U40 BS;S8JGEGPR;0;;0;NO;
S8KEKHV7//D37-6-3;NBZ708 NBZ708 8;ANCLAJE;no encontrado;DESCONOCIDO;VIDRIO TEMPL;0;Sin formaci½n arbolada;Agr­cola y prados artificiales;0;;AMARRE;4 CELOSIA METALICA;0;L04 CRUCETA RECTA H-35;400150 AISLADOR VIDRIO U40 BS;S8KEKHV7;0;;0;NO;
S8IVOEH2//D37-6-1;NBZ708 NBZ708 8;ANCLAJE;no encontrado;DESCONOCIDO;VIDRIO TEMPL;0;Sin formaci½n arbolada;Agr­cola y prados artificiales;0;;AMARRE;4 CELOSIA METALICA;0;L04 CRUCETA RECTA H-35;400150 AISLADOR VIDRIO U40 BS;S8IVOEH2;0;;0;NO;
S853QBGQ//D53-2;NBZ708 NBZ708 8;ANCLAJE;VEGAS. CUESTAS Y PARAMOS DEL SURESTE DE MADRID;DESCONOCIDO;VIDRIO TEMPL;0;Sin formaci½n arbolada;Agr­cola y prados artificiales;0;;MENSULA DE SUSPENSION;4 CELOSIA METALICA;0;L08 CRUCETA TRIANGULO T-35;400150 AISLADOR VIDRIO U40 BS;S853QBGQ;0;;0;NO;
S860FGKE//D53-3;NBZ708 NBZ708 8;ANCLAJE;VEGAS. CUESTAS Y PARAMOS DEL SURESTE DE MADRID;DESCONOCIDO;VIDRIO TEMPL;0;Sin formaci½n arbolada;Agr­cola y prados artificiales;0;;MENSULA DE SUSPENSION;4 CELOSIA METALICA;0;L08 CRUCETA TRIANGULO T-35;400150 AISLADOR VIDRIO U40 BS;S860FGKE;0;;0;NO;
S86A6896//D53-4;NBZ708 NBZ708 8;FINAL DE LINEA;VEGAS. CUESTAS Y PARAMOS DEL SURESTE DE MADRID;DESCONOCIDO;VIDRIO TEMPL;0;Sin formaci½n arbolada;Agr­cola y prados artificiales;0;;AMARRE;4 CELOSIA METALICA;L14 CRUCETA SOPORTE DE ELEMENTOS DE PROTECCION/CORTE;L04 CRUCETA RECTA H-35;400150 AISLADOR VIDRIO U40 BS;S86A6896;0;;0;SI;
S7058P58//189-13;NBZ708 NBZ708 8;ANCLAJE;no encontrado;NO;VIDRIO TEMPL;3;Sin formaci½n arbolada;Agr­cola y prados artificiales;NO;NO;MENSULA DE SUSPENSION;4 CELOSIA METALICA;0;L08 CRUCETA TRIANGULO T-35;400150 AISLADOR VIDRIO U40 BS;S7058P58;NO;0;NO;NO;NO
S6XPQQ6E//189-14;NBZ708 NBZ708 8;ANCLAJE;no encontrado;SI;VIDRIO TEMPL;3;Sin formaci½n arbolada;Agr­cola y prados artificiales;NO;NO;AMARRE;4 CELOSIA METALICA;0;L04 CRUCETA RECTA H-35;400150 AISLADOR VIDRIO U40 BS;S6XPQQ6E;NO;0;NO;SI;NO
S6X7S4UK//189-15-CT;NBZ708 NBZ708 8;FINAL DE LINEA;no encontrado;NO;PORCELANA;3;Sin formaci½n arbolada;Agr­cola y prados artificiales;NO;NO;AMARRE;4 CELOSIA METALICA;431756 CRUCETA SOPORTE TRAFO SOBRE APOYO METALICO;L04 CRUCETA RECTA H-35;3 AISLADOR DE PORCELANA SUSPENDIDO;S6X7S4UK;NO;0;NO;SI;NO
S9H009WP//D59-48-1;NBZ708 NBZ708 8;AMARRE;ZONA_B;NO;VIDRIO TEMPL;3;Pinares de pino carrasco;Bosque Plantaci½n;NO;NO;AMARRE;4 CELOSIA METALICA;9 NO APLICA;L04 CRUCETA RECTA H-35;400150 AISLADOR VIDRIO U40 BS;S9H009WP;NO;SI;NO;SI;NO
SA0WLIL2//D59-48-13;NBZ708 NBZ708 8;ALINEACION;ZONA_B;NO;VIDRIO TEMPL;2;Pinares de pino carrasco;Bosque Plantaci½n;NO;NO;SUSPENDIDO;2 HORMIGON;9 NO APLICA;430840 CRUCETA BOVEDA B-1;400160 AISLADOR VIDRIO U70 BS;SA0WLIL2;NO;SI;NO;NO;NO
SA2M8LLM//D59-48-14;NBZ708 NBZ708 8;ANGULO;ZONA_B;NO;VIDRIO TEMPL;3;Pinares de pino carrasco;Bosque Plantaci½n;SI;NO;AMARRE;4 CELOSIA METALICA;L12 CRUCETA DERIVACION SIMPLE;L04 CRUCETA RECTA H-35;400160 AISLADOR VIDRIO U70 BS;SA2M8LLM;NO;SI;NO;SI;NO
S62H68M6//D18-5CT;NBZ708 NBZ708 8;FINAL DE LINEA;no encontrado;SI;VIDRIO TEMPL;3;Sin formaci½n arbolada;Artificial;NO;NO;AMARRE;4 CELOSIA METALICA;L14 CRUCETA SOPORTE DE ELEMENTOS DE PROTECCION/CORTE;L04 CRUCETA RECTA H-35;400150 AISLADOR VIDRIO U40 BS;S62H68M6;NO;0;NO;SI;NO
S63NK5H8//D18-4;NBZ708 NBZ708 8;ANCLAJE;no encontrado;NO;VIDRIO TEMPL;3;Sin formaci½n arbolada;Artificial;NO;NO;AMARRE;4 CELOSIA METALICA;0;L04 CRUCETA RECTA H-35;400150 AISLADOR VIDRIO U40 BS;S63NK5H8;NO;0;NO;SI;NO
TAWHA09W//D59-75;NBZ708 NBZ708 8;AMARRE;ZONA_B;SI;VIDRIO TEMPL;0;Sin formaci½n arbolada;Artificial;NO;NO;0;430270 APOYO METALICO C 1000 20 UNESA;0;757847 SEMICRUCETA HORIZONTAL SC-1750;0;TAWHA09W;NO;SI;NO;SI;NO
SAXCULNU//D59-76;NBZ708 NBZ708 8;AMARRE;ZONA_B;SI;VIDRIO TEMPL;0;Sin formaci½n arbolada;Artificial;NO;NO;0;430330 APOYO METALICO C 2000 18 UNESA;0;757847 SEMICRUCETA HORIZONTAL SC-1750;0;TAYCVLNU;NO;SI;NO;SI;NO
SAX2EF03//D59-76-1 CT;NBZ708 NBZ708 8;FINAL DE LINEA;ZONA_B;SI;VIDRIO TEMPL;3;Sin formaci½n arbolada;Artificial;NO;NO;AMARRE;4 CELOSIA METALICA;9 NO APLICA;L04 CRUCETA RECTA H-35;400150 AISLADOR VIDRIO U40 BS;SAX2EF03;NO;SI;NO;SI;NO
RS29E92M//47;CDO703 CDO703 3;ALINEACION;no encontrado;NO;VIDRIO TEMPL;2;Sin formaci½n arbolada;Matorral;NO;NO;SUSPENDIDO CRUCE ARMOROD;2 HORMIGON;0;L01 CRUCETA BOVEDA B1/BR1/B2;400150 AISLADOR VIDRIO U40 BS;RS29E92M;NO;0;NO;NO;NO
RS40I8FR//45;CDO703 CDO703 3;ANGULO;no encontrado;NO;VIDRIO TEMPL;3;Sin formaci½n arbolada;Artificial;NO;NO;PICO DE PATO;4 CELOSIA METALICA;0;L08 CRUCETA TRIANGULO T-35;400150 AISLADOR VIDRIO U40 BS;RS40I8FR;NO;0;NO;NO;NO
RRAVC7SP//59-3-B1;CDO703 CDO703 3;FINAL DE LINEA;no encontrado;DESCONOCIDO;VIDRIO TEMPL;0;Sin formaci½n arbolada;Agr­cola y prados artificiales;0;;AMARRE;3 HORMIGON HVH;0;L03 CRUCETA RECTA CR-1/C2;400150 AISLADOR VIDRIO U40 BS;RRAVC7SP;0;;0;NO;
RS1HX76K//48;CDO703 CDO703 3;ANGULO;no encontrado;NO;VIDRIO TEMPL;3;Sin formaci½n arbolada;Matorral;NO;NO;PICO DE PATO;4 CELOSIA METALICA;0;L08 CRUCETA TRIANGULO T-35;400150 AISLADOR VIDRIO U40 BS;RS1HX76K;NO;0;NO;NO;NO
RQ351XNN//74-3-1-CT;CDO703 CDO703 3;FINAL DE LINEA;no encontrado;DESCONOCIDO;PORCELANA;0;Sin formaci½n arbolada;Agr­cola y prados artificiales;0;;AMARRE;4 CELOSIA METALICA;0;L04 CRUCETA RECTA H-35;3 AISLADOR DE PORCELANA SUSPENDIDO;RQ351XNN;0;;0;SI;
RR6GW843//59-7-1-CT;CDO703 CDO703 3;FINAL DE LINEA;no encontrado;DESCONOCIDO;VIDRIO TEMPL;0;Sin formaci½n arbolada;Agr­cola y prados artificiales;0;;AMARRE;4 CELOSIA METALICA;0;L04 CRUCETA RECTA H-35;400150 AISLADOR VIDRIO U40 BS;RR6GW843;0;;0;SI;
RT82CO7C//D34-3;CDO703 CDO703 3;FINAL DE LINEA;no encontrado;DESCONOCIDO;VIDRIO TEMPL;0;Sin formaci½n arbolada;Miner­a. escombreras y vertederos;0;;AMARRE;4 CELOSIA METALICA;0;L04 CRUCETA RECTA H-35;400150 AISLADOR VIDRIO U40 BS;RT82CO7C;0;;0;NO;
RQL85UHJ//68-3;CDO703 CDO703 3;ALINEACION;no encontrado;DESCONOCIDO;VIDRIO TEMPL;0;Sin formaci½n arbolada;Agr­cola y prados artificiales;0;;SUSPENDIDO;2 HORMIGON;0;L01 CRUCETA BOVEDA B1/BR1/B2;400150 AISLADOR VIDRIO U40 BS;RQL85UHJ;0;;0;NO;
RTIES7OX//D31-1-CT;CDO703 CDO703 3;FINAL DE LINEA;no encontrado;DESCONOCIDO;VIDRIO TEMPL;0;Sin formaci½n arbolada;Agr­cola y prados artificiales;0;;0;4 CELOSIA METALICA;0;L04 CRUCETA RECTA H-35;400150 AISLADOR VIDRIO U40 BS;RTIES7OX;0;;0;SI;
RQMA3527//68-4;CDO703 CDO703 3;ALINEACION;no encontrado;DESCONOCIDO;VIDRIO TEMPL;0;Sin formaci½n arbolada;Matorral;0;;SUSPENDIDO;2 HORMIGON;0;L01 CRUCETA BOVEDA B1/BR1/B2;400150 AISLADOR VIDRIO U40 BS;RQMA3527;0;;0;NO;
RQK7030R//68-2;CDO703 CDO703 3;ALINEACION;no encontrado;DESCONOCIDO;VIDRIO TEMPL;0;Sin formaci½n arbolada;Matorral;0;;SUSPENDIDO;2 HORMIGON;0;L01 CRUCETA BOVEDA B1/BR1/B2;400150 AISLADOR VIDRIO U40 BS;RQK7030R;0;;0;NO;
RT8L2QFF//D34-2;CDO703 CDO703 3;ANCLAJE;no encontrado;DESCONOCIDO;VIDRIO TEMPL;0;Sin formaci½n arbolada;Agr­cola y prados artificiales;0;;AMARRE;4 CELOSIA METALICA;0;L04 CRUCETA RECTA H-35;400150 AISLADOR VIDRIO U40 BS;RT8L2QFF;0;;0;NO;
RQJ7B5LL//68-1;CDO703 CDO703 3;ALINEACION;no encontrado;DESCONOCIDO;VIDRIO TEMPL;0;Sin formaci½n arbolada;Agr­cola y prados artificiales;0;;SUSPENDIDO;2 HORMIGON;0;L01 CRUCETA BOVEDA B1/BR1/B2;400150 AISLADOR VIDRIO U40 BS;RQJ7B5LL;0;;0;NO;
RQN6QA89//68-5;CDO703 CDO703 3;FINAL DE LINEA;no encontrado;DESCONOCIDO;VIDRIO TEMPL;0;Sin formaci½n arbolada;Matorral;0;;AMARRE;4 CELOSIA METALICA;L14 CRUCETA SOPORTE DE ELEMENTOS DE PROTECCION/CORTE;L04 CRUCETA RECTA H-35;400150 AISLADOR VIDRIO U40 BS;RQN6QA89;0;;0;SI;
RQ2O34P5//74-2-1-CT;CDO703 CDO703 3;FINAL DE LINEA;no encontrado;DESCONOCIDO;VIDRIO TEMPL;0;Sin formaci½n arbolada;Agr­cola y prados artificiales;0;;AMARRE;4 CELOSIA METALICA;0;L04 CRUCETA RECTA H-35;400150 AISLADOR VIDRIO U40 BS;RQ2O34P5;0;;0;SI;
RQHUEI6N//74-37-CT;CDO703 CDO703 3;FINAL DE LINEA;ZONA_C;DESCONOCIDO;VIDRIO TEMPL;0;Sin formaci½n arbolada;Agr­cola y prados artificiales;0;;AMARRE;4 CELOSIA METALICA;0;L04 CRUCETA RECTA H-35;400150 AISLADOR VIDRIO U40 BS;RQHUEI6N;0;;0;SI;
RS30TAWM//46;CDO703 CDO703 3;ANGULO;no encontrado;NO;VIDRIO TEMPL;3;Sin formaci½n arbolada;Matorral;NO;NO;PICO DE PATO;4 CELOSIA METALICA;0;L08 CRUCETA TRIANGULO T-35;400150 AISLADOR VIDRIO U40 BS;RS30TAWM;NO;0;NO;NO;NO
SR2JKGWT/80;CDO703 CDO703 3;ANGULO;no encontrado;SI;VIDRIO TEMPL;6;Sin formaci½n arbolada;Agr­cola y prados artificiales;NO;NO;AMARRE;430340 APOYO METALICO C 2000 20 UNESA;431070 CRUCETA SOPORTE PARA C.FUSIBLES;757847 SEMICRUCETA HORIZONTAL SC-1750;400160 AISLADOR VIDRIO U70 BS;SR2JKGWT;NO;0;NO;SI;NO
RQ52UWT5//80-1-CT;CDO703 CDO703 3;FINAL DE LINEA;no encontrado;NO;VIDRIO TEMPL;3;Sin formaci½n arbolada;Agr­cola y prados artificiales;NO;NO;AMARRE;4 CELOSIA METALICA;431756 CRUCETA SOPORTE TRAFO SOBRE APOYO METALICO;L04 CRUCETA RECTA H-35;400150 AISLADOR VIDRIO U40 BS;RQ52UWT5;NO;0;NO;SI;NO
RQ4AOEG4//74-15;CDO703 CDO703 3;AMARRE;no encontrado;NO;POLIMERICO;2;Sin formaci½n arbolada;Agr­cola y prados artificiales;NO;NO;AMARRE;431480 APOYO HORMIGON HV 630 R 11 m.;0;431070 CRUCETA SOPORTE PARA C.FUSIBLES;205954 AISLADOR COMPOSITE 20 KV;RQ4AOEG4;NO;0;NO;SI;NO
SR31ARAI//74-5;CDO703 CDO703 3;ALINEACION;no encontrado;SI;VIDRIO TEMPL;2;Sin formaci½n arbolada;Agr­cola y prados artificiales;NO;NO;SUSPENDIDO;431480 APOYO HORMIGON HV 630 R 11 m.;0;430840 CRUCETA BOVEDA B-1;400160 AISLADOR VIDRIO U70 BS;SR31ARAI;NO;0;NO;SI;NO
RRAB59FH//59-3-A1;CDO703 CDO703 3;FINAL DE LINEA;no encontrado;DESCONOCIDO;VIDRIO TEMPL;0;Sin formaci½n arbolada;Matorral;0;;AMARRE;4 CELOSIA METALICA;L14 CRUCETA SOPORTE DE ELEMENTOS DE PROTECCION/CORTE;L04 CRUCETA RECTA H-35;400150 AISLADOR VIDRIO U40 BS;RRAB59FH;0;;0;SI;
SWXTHR2V;CDO703 CDO703 3;0;no encontrado;DESCONOCIDO;0;;0;;0;;0;;0;;0;SWXTHR2V;0;;0;NO;
RQ2U2NH2//78;CDO703 CDO703 3;AMARRE;no encontrado;SI;VIDRIO TEMPL;3;Sin formaci½n arbolada;Artificial;NO;NO;AMARRE;4 CELOSIA METALICA;0;L04 CRUCETA RECTA H-35;400150 AISLADOR VIDRIO U40 BS;RQ2U2NH2;NO;0;NO;SI;NO
RQ4087VA//74-13;CDO703 CDO703 3;AMARRE;no encontrado;NO;VIDRIO TEMPL;3;Sin formaci½n arbolada;Agr­cola y prados artificiales;NO;NO;AMARRE;2 HORMIGON;0;L01 CRUCETA BOVEDA B1/BR1/B2;400150 AISLADOR VIDRIO U40 BS;RQ4087VA;NO;0;NO;NO;NO
RQ44OTL4//74-20;CDO703 CDO703 3;ALINEACION;VEGAS. CUESTAS Y PARAMOS DEL SURESTE DE MADRID;NO;VIDRIO TEMPL;2;Sin formaci½n arbolada;Agr­cola y prados artificiales;NO;NO;SUSPENDIDO CRUCE;2 HORMIGON;0;L01 CRUCETA BOVEDA B1/BR1/B2;400150 AISLADOR VIDRIO U40 BS;RQ44OTL4;NO;0;NO;NO;NO
RQX20JL3//59-19-CT;CDO703 CDO703 3;FINAL DE LINEA;VEGAS. CUESTAS Y PARAMOS DEL SURESTE DE MADRID;NO;VIDRIO TEMPL;3;Sin formaci½n arbolada;Agr­cola y prados artificiales;NO;NO;AMARRE;4 CELOSIA METALICA;431756 CRUCETA SOPORTE TRAFO SOBRE APOYO METALICO;L04 CRUCETA RECTA H-35;400160 AISLADOR VIDRIO U70 BS;RQX20JL3;NO;0;NO;SI;NO
RQ3E19WA//74-8;CDO703 CDO703 3;ALINEACION;no encontrado;NO;VIDRIO TEMPL;2;Sin formaci½n arbolada;Agr­cola y prados artificiales;NO;NO;SUSPENDIDO CRUCE;2 HORMIGON;0;L01 CRUCETA BOVEDA B1/BR1/B2;400150 AISLADOR VIDRIO U40 BS;RQ3E19WA;NO;0;NO;NO;NO
RQ44OU50//74-14;CDO703 CDO703 3;ALINEACION;no encontrado;NO;VIDRIO TEMPL;2;Sin formaci½n arbolada;Agr­cola y prados artificiales;NO;NO;SUSPENDIDO CRUCE;2 HORMIGON;0;L01 CRUCETA BOVEDA B1/BR1/B2;400150 AISLADOR VIDRIO U40 BS;RQ44OU50;NO;0;NO;NO;NO
RQ38R6MC//74-7;CDO703 CDO703 3;ALINEACION;no encontrado;NO;VIDRIO TEMPL;2;Sin formaci½n arbolada;Agr­cola y prados artificiales;NO;NO;SUSPENDIDO CRUCE;2 HORMIGON;0;L01 CRUCETA BOVEDA B1/BR1/B2;400150 AISLADOR VIDRIO U40 BS;RQ38R6MC;NO;0;NO;NO;NO
RQXM7I3A//59-18;CDO703 CDO703 3;ALINEACION;VEGAS. CUESTAS Y PARAMOS DEL SURESTE DE MADRID;NO;VIDRIO TEMPL;2;Sin formaci½n arbolada;Agr­cola y prados artificiales;NO;NO;SUSPENDIDO CRUCE ARMOROD;2 HORMIGON;0;L03 CRUCETA RECTA CR-1/C2;400150 AISLADOR VIDRIO U40 BS;RQXM7I3A;NO;0;NO;NO;NO
RQ3227SQ//77;CDO703 CDO703 3;ALINEACION;no encontrado;SI;VIDRIO TEMPL;3;Sin formaci½n arbolada;Agr­cola y prados artificiales;NO;NO;SUSPENDIDO CRUCE ARMOROD;4 CELOSIA METALICA;0;L01 CRUCETA BOVEDA B1/BR1/B2;400150 AISLADOR VIDRIO U40 BS;RQ3227SQ;NO;0;NO;SI;NO
RQ6R9HBI//86-1-CT;CDO703 CDO703 3;FINAL DE LINEA;no encontrado;SI;VIDRIO TEMPL;3;Sin formaci½n arbolada;Artificial;NO;NO;AMARRE;4 CELOSIA METALICA;431756 CRUCETA SOPORTE TRAFO SOBRE APOYO METALICO;L04 CRUCETA RECTA H-35;400150 AISLADOR VIDRIO U40 BS;RQ6R9HBI;NO;0;NO;SI;NO
RQ2O32O0//74-26;CDO703 CDO703 3;ALINEACION;ZONA_C;NO;VIDRIO TEMPL;2;Sin formaci½n arbolada;Agr­cola y prados artificiales;NO;NO;SUSPENDIDO CRUCE;2 HORMIGON;0;L01 CRUCETA BOVEDA B1/BR1/B2;400150 AISLADOR VIDRIO U40 BS;RQ2O32O0;NO;SI;NO;NO;NO
RQ3K0TFG//82;CDO703 CDO703 3;ALINEACION;no encontrado;SI;VIDRIO TEMPL;2;Sin formaci½n arbolada;Artificial;NO;NO;SUSPENDIDO CRUCE ARMOROD;431490 APOYO HORMIGON HV 630 R 13 m.;0;L01 CRUCETA BOVEDA B1/BR1/B2;400160 AISLADOR VIDRIO U70 BS;RQ3K0TFG;NO;0;NO;NO;NO
RR0XTIF1//59-16;CDO703 CDO703 3;ALINEACION;no encontrado;NO;VIDRIO TEMPL;3;Sin formaci½n arbolada;Agr­cola y prados artificiales;NO;NO;SUSPENDIDO CRUCE ARMOROD;2 HORMIGON;0;L03 CRUCETA RECTA CR-1/C2;400150 AISLADOR VIDRIO U40 BS;RR0XTIF1;NO;0;NO;NO;NO
RQ35REIC//74-6;CDO703 CDO703 3;ALINEACION;no encontrado;NO;VIDRIO TEMPL;2;Sin formaci½n arbolada;Agr­cola y prados artificiales;NO;NO;SUSPENDIDO CRUCE;2 HORMIGON;0;L01 CRUCETA BOVEDA B1/BR1/B2;400150 AISLADOR VIDRIO U40 BS;RQ35REIC;NO;0;NO;NO;NO
RQ2HC35J//74-27;CDO703 CDO703 3;ANGULO;ZONA_C;DESCONOCIDO;VIDRIO TEMPL;3;Sin formaci½n arbolada;Agr­cola y prados artificiales;NO;NO;AMARRE;4 CELOSIA METALICA;0;L04 CRUCETA RECTA H-35;400150 AISLADOR VIDRIO U40 BS;RQ2HC35J;NO;SI;NO;SI;NO
RQ4C7A7X//74-19;CDO703 CDO703 3;AMARRE;VEGAS. CUESTAS Y PARAMOS DEL SURESTE DE MADRID;NO;VIDRIO TEMPL;3;Sin formaci½n arbolada;Agr­cola y prados artificiales;NO;NO;AMARRE;4 CELOSIA METALICA;0;L04 CRUCETA RECTA H-35;400150 AISLADOR VIDRIO U40 BS;RQ4C7A7X;NO;0;NO;NO;NO
RQ4RVMH0//84;CDO703 CDO703 3;ANCLAJE;no encontrado;SI;VIDRIO TEMPL;3;Sin formaci½n arbolada;Artificial;NO;NO;MENSULA DE SUSPENSION;4 CELOSIA METALICA;0;L08 CRUCETA TRIANGULO T-35;400150 AISLADOR VIDRIO U40 BS;RQ4RVMH0;NO;0;NO;SI;NO
RQ9PISCN//89;CDO703 CDO703 3;ANCLAJE;no encontrado;DESCONOCIDO;VIDRIO TEMPL;0;Sin formaci½n arbolada;Artificial;NO;NO;RIGIDO DOBLE AISLADOR;2 HORMIGON;0;L03 CRUCETA RECTA CR-1/C2;400150 AISLADOR VIDRIO U40 BS;RQ9PISCN;NO;0;NO;NO;NO
RQ2O35AP//81;CDO703 CDO703 3;ANGULO;no encontrado;SI;VIDRIO TEMPL;3;Sin formaci½n arbolada;Artificial;NO;NO;MENSULA DE SUSPENSION;4 CELOSIA METALICA;0;L08 CRUCETA TRIANGULO T-35;400150 AISLADOR VIDRIO U40 BS;RQ2O35AP;NO;0;NO;SI;NO
RQ3HQH2A//74-10;CDO703 CDO703 3;ALINEACION;no encontrado;NO;VIDRIO TEMPL;3;Sin formaci½n arbolada;Agr­cola y prados artificiales;NO;NO;SUSPENDIDO CRUCE YUGOS;4 CELOSIA METALICA;L12 CRUCETA DERIVACION SIMPLE;L01 CRUCETA BOVEDA B1/BR1/B2;400150 AISLADOR VIDRIO U40 BS;RQ3HQH2A;NO;0;NO;SI;NO
RQ3D9RJP//74-23;CDO703 CDO703 3;ALINEACION;ZONA_C;NO;VIDRIO TEMPL;2;Sin formaci½n arbolada;Agr­cola y prados artificiales;NO;NO;SUSPENDIDO CRUCE;2 HORMIGON;0;L01 CRUCETA BOVEDA B1/BR1/B2;400150 AISLADOR VIDRIO U40 BS;RQ3D9RJP;NO;SI;NO;NO;NO
RQ3OHGEU//74-11;CDO703 CDO703 3;ALINEACION;no encontrado;NO;VIDRIO TEMPL;2;Sin formaci½n arbolada;Agr­cola y prados artificiales;NO;NO;SUSPENDIDO CRUCE;2 HORMIGON;0;L01 CRUCETA BOVEDA B1/BR1/B2;400150 AISLADOR VIDRIO U40 BS;RQ3OHGEU;NO;0;NO;NO;NO
RQB7NGUI//91;CDO703 CDO703 3;ANCLAJE;no encontrado;SI;VIDRIO TEMPL;3;Sin formaci½n arbolada;Agr­cola y prados artificiales;NO;NO;AMARRE;4 CELOSIA METALICA;0;L04 CRUCETA RECTA H-35;400150 AISLADOR VIDRIO U40 BS;RQB7NGUI;NO;0;NO;SI;NO
RQ4KF5UF//74-18;CDO703 CDO703 3;AMARRE;no encontrado;NO;VIDRIO TEMPL;3;Sin formaci½n arbolada;Agr­cola y prados artificiales;NO;NO;AMARRE;2 HORMIGON;0;L07 CRUCETA TRIANGULO T-1;400150 AISLADOR VIDRIO U40 BS;RQ4KF5UF;NO;0;NO;NO;NO
RQ6M1DXH//86;CDO703 CDO703 3;AMARRE;no encontrado;SI;VIDRIO TEMPL;3;Sin formaci½n arbolada;Artificial;NO;NO;AMARRE;4 CELOSIA METALICA;L12 CRUCETA DERIVACION SIMPLE;L01 CRUCETA BOVEDA B1/BR1/B2;400150 AISLADOR VIDRIO U40 BS;RQ6M1DXH;NO;0;NO;SI;NO
RQ3TPJNW//74-12;CDO703 CDO703 3;AMARRE;no encontrado;NO;VIDRIO TEMPL;3;Sin formaci½n arbolada;Agr­cola y prados artificiales;NO;NO;AMARRE;2 HORMIGON;0;L01 CRUCETA BOVEDA B1/BR1/B2;400150 AISLADOR VIDRIO U40 BS;RQ3TPJNW;NO;0;NO;NO;NO
RQ2WAWCD//74-25;CDO703 CDO703 3;ALINEACION;ZONA_C;NO;VIDRIO TEMPL;2;Sin formaci½n arbolada;Agr­cola y prados artificiales;NO;NO;SUSPENDIDO CRUCE;2 HORMIGON;0;L01 CRUCETA BOVEDA B1/BR1/B2;400150 AISLADOR VIDRIO U40 BS;RQ2WAWCD;NO;SI;NO;NO;NO
RQAKP3CS//90;CDO703 CDO703 3;ANGULO;no encontrado;SI;VIDRIO TEMPL;3;Sin formaci½n arbolada;Artificial;NO;NO;AMARRE;4 CELOSIA METALICA;0;L03 CRUCETA RECTA CR-1/C2;400150 AISLADOR VIDRIO U40 BS;RQAKP3CS;NO;0;NO;SI;NO
RQ2NBO45//79;CDO703 CDO703 3;AMARRE;no encontrado;SI;VIDRIO TEMPL;3;Sin formaci½n arbolada;Artificial;NO;NO;AMARRE;4 CELOSIA METALICA;L12 CRUCETA DERIVACION SIMPLE;L04 CRUCETA RECTA H-35;400150 AISLADOR VIDRIO U40 BS;RQ2NBO45;NO;0;NO;SI;NO
RQ2VJJ4Q//74-4;CDO703 CDO703 3;ANCLAJE;no encontrado;SI;VIDRIO TEMPL;2;Sin formaci½n arbolada;Agr­cola y prados artificiales;NO;NO;MENSULA DE SUSPENSION;2 HORMIGON;0;L07 CRUCETA TRIANGULO T-1;400150 AISLADOR VIDRIO U40 BS;RQ2VJJ4Q;NO;0;NO;NO;NO
RQ3M949X//74-22;CDO703 CDO703 3;ALINEACION;VEGAS. CUESTAS Y PARAMOS DEL SURESTE DE MADRID;NO;VIDRIO TEMPL;0;Sin formaci½n arbolada;Agr­cola y prados artificiales;NO;NO;SUSPENDIDO CRUCE YUGOS;2 HORMIGON;L12 CRUCETA DERIVACION SIMPLE;L01 CRUCETA BOVEDA B1/BR1/B2;400150 AISLADOR VIDRIO U40 BS;RQ3M949X;NO;0;NO;SI;NO
RR1K2GVE//59-15;CDO703 CDO703 3;ALINEACION;no encontrado;NO;VIDRIO TEMPL;2;Sin formaci½n arbolada;Agr­cola y prados artificiales;NO;NO;SUSPENDIDO CRUCE;2 HORMIGON;0;L03 CRUCETA RECTA CR-1/C2;400150 AISLADOR VIDRIO U40 BS;RR1K2GVE;NO;0;NO;NO;NO
RQ3TPIUD//74-21;CDO703 CDO703 3;ALINEACION;VEGAS. CUESTAS Y PARAMOS DEL SURESTE DE MADRID;NO;VIDRIO TEMPL;2;Sin formaci½n arbolada;Agr­cola y prados artificiales;NO;NO;SUSPENDIDO CRUCE;2 HORMIGON;0;L01 CRUCETA BOVEDA B1/BR1/B2;400150 AISLADOR VIDRIO U40 BS;RQ3TPIUD;NO;0;NO;NO;NO
RR0BE8R1//59-17;CDO703 CDO703 3;ALINEACION;VEGAS. CUESTAS Y PARAMOS DEL SURESTE DE MADRID;NO;VIDRIO TEMPL;2;Sin formaci½n arbolada;Agr­cola y prados artificiales;NO;NO;SUSPENDIDO CRUCE ARMOROD;2 HORMIGON;0;L03 CRUCETA RECTA CR-1/C2;400150 AISLADOR VIDRIO U40 BS;RR0BE8R1;NO;0;NO;NO;NO
RQ2TB80M//74-3;CDO703 CDO703 3;ANGULO;no encontrado;NO;VIDRIO TEMPL;3;Sin formaci½n arbolada;Agr­cola y prados artificiales;NO;NO;AMARRE;4 CELOSIA METALICA;L12 CRUCETA DERIVACION SIMPLE;L04 CRUCETA RECTA H-35;400150 AISLADOR VIDRIO U40 BS;RQ2TB80M;NO;0;NO;SI;NO
RQ2WB0PA//79-1-CT;CDO703 CDO703 3;FINAL DE LINEA;no encontrado;SI;VIDRIO TEMPL;3;Sin formaci½n arbolada;Agr­cola y prados artificiales;NO;NO;AMARRE;4 CELOSIA METALICA;431756 CRUCETA SOPORTE TRAFO SOBRE APOYO METALICO;L04 CRUCETA RECTA H-35;400150 AISLADOR VIDRIO U40 BS;RQ2WB0PA;NO;0;NO;SI;NO
RQ36ITU7//74-2;CDO703 CDO703 3;AMARRE;no encontrado;SI;VIDRIO TEMPL;3;Sin formaci½n arbolada;Agr­cola y prados artificiales;NO;NO;AMARRE;4 CELOSIA METALICA;L12 CRUCETA DERIVACION SIMPLE;L04 CRUCETA RECTA H-35;400150 AISLADOR VIDRIO U40 BS;RQ36ITU7;NO;0;NO;SI;NO
RQ36IS0S//74-24;CDO703 CDO703 3;ALINEACION;ZONA_C;NO;VIDRIO TEMPL;2;Sin formaci½n arbolada;Agr­cola y prados artificiales;NO;NO;SUSPENDIDO CRUCE;2 HORMIGON;0;L01 CRUCETA BOVEDA B1/BR1/B2;400150 AISLADOR VIDRIO U40 BS;RQ36IS0S;NO;SI;NO;NO;NO
RQ4HFDQA//74-17;CDO703 CDO703 3;ALINEACION;no encontrado;NO;VIDRIO TEMPL;2;Sin formaci½n arbolada;Agr­cola y prados artificiales;NO;NO;SUSPENDIDO CRUCE;2 HORMIGON;0;L01 CRUCETA BOVEDA B1/BR1/B2;400150 AISLADOR VIDRIO U40 BS;RQ4HFDQA;NO;0;NO;NO;NO
RQ3IHW6E//74-9;CDO703 CDO703 3;AMARRE;no encontrado;NO;VIDRIO TEMPL;3;Sin formaci½n arbolada;Agr­cola y prados artificiales;NO;NO;AMARRE;2 HORMIGON;0;L01 CRUCETA BOVEDA B1/BR1/B2;400150 AISLADOR VIDRIO U40 BS;RQ3IHW6E;NO;0;NO;NO;NO
RQ7JG075//87;CDO703 CDO703 3;FINAL DE LINEA;no encontrado;SI;VIDRIO TEMPL;3;Sin formaci½n arbolada;Artificial;NO;NO;MENSULA DE SUSPENSION;4 CELOSIA METALICA;L14 CRUCETA SOPORTE DE ELEMENTOS DE PROTECCION/CORTE;L08 CRUCETA TRIANGULO T-35;400150 AISLADOR VIDRIO U40 BS;RQ7JG075;NO;0;NO;SI;NO
RQ4CWPID//74-16;CDO703 CDO703 3;ALINEACION;no encontrado;NO;VIDRIO TEMPL;2;Sin formaci½n arbolada;Agr­cola y prados artificiales;NO;NO;SUSPENDIDO;2 HORMIGON;0;L01 CRUCETA BOVEDA B1/BR1/B2;400150 AISLADOR VIDRIO U40 BS;RQ4CWPID;NO;0;NO;NO;NO
RQBDN1ED//92-CT;CDO703 CDO703 3;FINAL DE LINEA;no encontrado;SI;VIDRIO TEMPL;3;Sin formaci½n arbolada;Artificial;NO;NO;AMARRE;4 CELOSIA METALICA;431756 CRUCETA SOPORTE TRAFO SOBRE APOYO METALICO;L04 CRUCETA RECTA H-35;400150 AISLADOR VIDRIO U40 BS;RQBDN1ED;NO;0;NO;SI;NO
RQ2RSBDX//74-10-1-CT;CDO703 CDO703 3;FINAL DE LINEA;no encontrado;NO;VIDRIO TEMPL;3;Sin formaci½n arbolada;Agr­cola y prados artificiales;NO;NO;AMARRE;4 CELOSIA METALICA;209085 SOPORTE AUTOV. C.T. INTEM. S.P. 4-124-2;L04 CRUCETA RECTA H-35;400150 AISLADOR VIDRIO U40 BS;RQ2RSBDX;NO;0;NO;SI;NO
RQKTFCF1//67;CDO703 CDO703 3;ALINEACION;no encontrado;NO;VIDRIO TEMPL;2;Sin formaci½n arbolada;Agr­cola y prados artificiales;NO;NO;SUSPENDIDO;2 HORMIGON;0;L01 CRUCETA BOVEDA B1/BR1/B2;400150 AISLADOR VIDRIO U40 BS;RQKTFCF1;NO;0;NO;NO;NO
RR5H9AOR//59-8;CDO703 CDO703 3;ALINEACION;no encontrado;NO;VIDRIO TEMPL;2;Sin formaci½n arbolada;Agr­cola y prados artificiales;NO;NO;SUSPENDIDO;2 HORMIGON;0;L01 CRUCETA BOVEDA B1/BR1/B2;400150 AISLADOR VIDRIO U40 BS;RR5H9AOR;NO;0;NO;NO;NO
RQAA8TM4//71;CDO703 CDO703 3;ALINEACION;no encontrado;NO;VIDRIO TEMPL;2;Sin formaci½n arbolada;Agr­cola y prados artificiales;NO;NO;SUSPENDIDO CRUCE ARMOROD;2 HORMIGON;0;L01 CRUCETA BOVEDA B1/BR1/B2;400150 AISLADOR VIDRIO U40 BS;RQAA8TM4;NO;0;NO;NO;NO
RVWXPSPU//D6-1-CT;CDO703 CDO703 3;FINAL DE LINEA;no encontrado;SI;VIDRIO TEMPL;0;Sin formaci½n arbolada;Agr­cola y prados artificiales;NO;NO;AMARRE;4 CELOSIA METALICA;0;L04 CRUCETA RECTA H-35;400150 AISLADOR VIDRIO U40 BS;RVWXPSPU;NO;0;NO;SI;NO
RRDA61MW//58;CDO703 CDO703 3;ALINEACION;no encontrado;NO;VIDRIO TEMPL;2;Sin formaci½n arbolada;Agr­cola y prados artificiales;NO;NO;SUSPENDIDO CRUCE ARMOROD;2 HORMIGON;0;L01 CRUCETA BOVEDA B1/BR1/B2;400150 AISLADOR VIDRIO U40 BS;RRDA61MW;NO;0;NO;NO;NO
RR4MSGN9//59-9;CDO703 CDO703 3;ANGULO;no encontrado;NO;VIDRIO TEMPL;3;Sin formaci½n arbolada;Agr­cola y prados artificiales;NO;NO;AMARRE;4 CELOSIA METALICA;L14 CRUCETA SOPORTE DE ELEMENTOS DE PROTECCION/CORTE;L04 CRUCETA RECTA H-35;400150 AISLADOR VIDRIO U40 BS;RR4MSGN9;NO;0;NO;SI;NO
RQ5BU910//73;CDO703 CDO703 3;ALINEACION;no encontrado;NO;VIDRIO TEMPL;2;Sin formaci½n arbolada;Agr­cola y prados artificiales;NO;NO;SUSPENDIDO;2 HORMIGON;0;L01 CRUCETA BOVEDA B1/BR1/B2;400150 AISLADOR VIDRIO U40 BS;RQ5BU910;NO;0;NO;NO;NO
RRRUAJIN//53;CDO703 CDO703 3;ALINEACION;no encontrado;NO;VIDRIO TEMPL;2;Sin formaci½n arbolada;Matorral;NO;NO;SUSPENDIDO;2 HORMIGON;0;L01 CRUCETA BOVEDA B1/BR1/B2;400150 AISLADOR VIDRIO U40 BS;RRRUAJIN;NO;0;NO;NO;NO
RR3NV07V//59-11;CDO703 CDO703 3;ALINEACION;no encontrado;NO;VIDRIO TEMPL;2;Sin formaci½n arbolada;Agr­cola y prados artificiales;NO;NO;SUSPENDIDO CRUCE ARMOROD;2 HORMIGON;0;430840 CRUCETA BOVEDA B-1;400160 AISLADOR VIDRIO U70 BS;RR3NV07V;NO;0;NO;NO;NO
RRQJE09U//54;CDO703 CDO703 3;ANGULO;no encontrado;NO;VIDRIO TEMPL;3;Sin formaci½n arbolada;Matorral;NO;NO;PICO DE PATO;4 CELOSIA METALICA;0;L08 CRUCETA TRIANGULO T-35;400150 AISLADOR VIDRIO U40 BS;RRQJE09U;NO;0;NO;NO;NO
RQ351XTF//74;CDO703 CDO703 3;ANGULO;no encontrado;NO;VIDRIO TEMPL;3;Sin formaci½n arbolada;Artificial;NO;NO;AMARRE;4 CELOSIA METALICA;L13 CRUCETA DERIVACION DOBLE;L08 CRUCETA TRIANGULO T-35;400160 AISLADOR VIDRIO U70 BS;RQ351XTF;NO;0;NO;SI;NO
RRVUH5EV//50;CDO703 CDO703 3;ANGULO;no encontrado;SI;VIDRIO TEMPL;3;Sin formaci½n arbolada;Matorral;NO;NO;MENSULA DE SUSPENSION;4 CELOSIA METALICA;L14 CRUCETA SOPORTE DE ELEMENTOS DE PROTECCION/CORTE;L08 CRUCETA TRIANGULO T-35;400160 AISLADOR VIDRIO U70 BS;RRVUH5EV;NO;0;NO;SI;NO
RS53WD64//44;CDO703 CDO703 3;ANGULO;no encontrado;SI;VIDRIO TEMPL;3;Sin formaci½n arbolada;Agr­cola y prados artificiales;NO;NO;AMARRE;4 CELOSIA METALICA;L14 CRUCETA SOPORTE DE ELEMENTOS DE PROTECCION/CORTE;L08 CRUCETA TRIANGULO T-35;400160 AISLADOR VIDRIO U70 BS;RS53WD64;NO;0;NO;SI;NO
RR4ATDQC//59-10;CDO703 CDO703 3;AMARRE;no encontrado;NO;VIDRIO TEMPL;3;Sin formaci½n arbolada;Agr­cola y prados artificiales;NO;NO;AMARRE;4 CELOSIA METALICA;0;L04 CRUCETA RECTA H-35;400160 AISLADOR VIDRIO U70 BS;RR4ATDQC;NO;0;NO;NO;NO
RR09VDW6//62;CDO703 CDO703 3;ALINEACION;no encontrado;NO;VIDRIO TEMPL;2;Sin formaci½n arbolada;Matorral;NO;NO;SUSPENDIDO;2 HORMIGON;0;L01 CRUCETA BOVEDA B1/BR1/B2;400150 AISLADOR VIDRIO U40 BS;RR09VDW6;NO;0;NO;NO;NO
RRULSVBA//51;CDO703 CDO703 3;ALINEACION;no encontrado;NO;VIDRIO TEMPL;2;Sin formaci½n arbolada;Matorral;NO;NO;SUSPENDIDO;2 HORMIGON;0;L01 CRUCETA BOVEDA B1/BR1/B2;400150 AISLADOR VIDRIO U40 BS;RRULSVBA;NO;0;NO;NO;NO
RR9U6EJ3//59-1;CDO703 CDO703 3;AMARRE;no encontrado;NO;VIDRIO TEMPL;3;Sin formaci½n arbolada;Agr­cola y prados artificiales;NO;NO;AMARRE;4 CELOSIA METALICA;L04 CRUCETA RECTA H-35;L04 CRUCETA RECTA H-35;400150 AISLADOR VIDRIO U40 BS;RR9U6EJ3;NO;0;NO;NO;NO
RRBTI956//59-2;CDO703 CDO703 3;ANGULO;no encontrado;NO;VIDRIO TEMPL;0;Sin formaci½n arbolada;Agr­cola y prados artificiales;NO;NO;AMARRE;4 CELOSIA METALICA;0;L04 CRUCETA RECTA H-35;400150 AISLADOR VIDRIO U40 BS;RRBTI956;NO;0;NO;SI;NO
RRKD4KI7//56;CDO703 CDO703 3;ALINEACION;no encontrado;NO;VIDRIO TEMPL;2;Sin formaci½n arbolada;Matorral;NO;NO;SUSPENDIDO CRUCE ARMOROD;2 HORMIGON;0;L01 CRUCETA BOVEDA B1/BR1/B2;400160 AISLADOR VIDRIO U70 BS;RRKD4KI7;NO;0;NO;NO;NO
RQFGTBSJ//69;CDO703 CDO703 3;ALINEACION;no encontrado;NO;VIDRIO TEMPL;2;Sin formaci½n arbolada;Agr­cola y prados artificiales;NO;NO;SUSPENDIDO;2 HORMIGON;0;L01 CRUCETA BOVEDA B1/BR1/B2;400150 AISLADOR VIDRIO U40 BS;RQFGTBSJ;NO;0;NO;NO;NO
RRAPCNEN//59-3;CDO703 CDO703 3;AMARRE;no encontrado;NO;VIDRIO TEMPL;3;Sin formaci½n arbolada;Agr­cola y prados artificiales;NO;NO;AMARRE;4 CELOSIA METALICA;L13 CRUCETA DERIVACION DOBLE;L02 CRUCETA BOVEDA CB1/CB2;400160 AISLADOR VIDRIO U70 BS;RRAPCNEN;NO;0;NO;SI;NO
RRH7CSX5//57;CDO703 CDO703 3;ANGULO;no encontrado;NO;VIDRIO TEMPL;3;Sin formaci½n arbolada;Matorral;NO;NO;PICO DE PATO;4 CELOSIA METALICA;L12 CRUCETA DERIVACION SIMPLE;L08 CRUCETA TRIANGULO T-35;400160 AISLADOR VIDRIO U70 BS;RRH7CSX5;NO;0;NO;NO;NO
RQ38R73O//74-1;CDO703 CDO703 3;AMARRE;no encontrado;SI;VIDRIO TEMPL;3;Sin formaci½n arbolada;Agr­cola y prados artificiales;NO;NO;AMARRE;4 CELOSIA METALICA;L14 CRUCETA SOPORTE DE ELEMENTOS DE PROTECCION/CORTE;L04 CRUCETA RECTA H-35;400150 AISLADOR VIDRIO U40 BS;RQ38R73O;NO;0;NO;SI;NO
RQI6UR6H//68;CDO703 CDO703 3;ALINEACION;no encontrado;NO;VIDRIO TEMPL;3;Sin formaci½n arbolada;Agr­cola y prados artificiales;NO;NO;SUSPENDIDO CRUCE YUGOS;4 CELOSIA METALICA;L12 CRUCETA DERIVACION SIMPLE;L04 CRUCETA RECTA H-35;400150 AISLADOR VIDRIO U40 BS;RQI6UR6H;NO;0;NO;SI;NO
RRTA6V0M//52;CDO703 CDO703 3;ALINEACION;no encontrado;NO;VIDRIO TEMPL;2;Sin formaci½n arbolada;Matorral;NO;NO;SUSPENDIDO;2 HORMIGON;0;L01 CRUCETA BOVEDA B1/BR1/B2;400150 AISLADOR VIDRIO U40 BS;RRTA6V0M;NO;0;NO;NO;NO
RR6FFC1D//59-7;CDO703 CDO703 3;ANGULO;no encontrado;NO;VIDRIO TEMPL;3;Sin formaci½n arbolada;Agr­cola y prados artificiales;NO;NO;PICO DE PATO;4 CELOSIA METALICA;L12 CRUCETA DERIVACION SIMPLE;L08 CRUCETA TRIANGULO T-35;400150 AISLADOR VIDRIO U40 BS;RR6FFC1D;NO;0;NO;SI;NO
RQ7SF9TF//72;CDO703 CDO703 3;ALINEACION;no encontrado;NO;VIDRIO TEMPL;2;Sin formaci½n arbolada;Agr­cola y prados artificiales;NO;NO;SUSPENDIDO CRUCE ARMOROD;2 HORMIGON;0;L01 CRUCETA BOVEDA B1/BR1/B2;400150 AISLADOR VIDRIO U40 BS;RQ7SF9TF;NO;0;NO;NO;NO
RQ3E1AI0//75;CDO703 CDO703 3;ANGULO;no encontrado;SI;VIDRIO TEMPL;3;Sin formaci½n arbolada;Artificial;NO;NO;AMARRE;4 CELOSIA METALICA;0;L04 CRUCETA RECTA H-35;400150 AISLADOR VIDRIO U40 BS;RQ3E1AI0;NO;0;NO;SI;NO
RQN6Q9V3//66;CDO703 CDO703 3;AMARRE;no encontrado;NO;VIDRIO TEMPL;3;Sin formaci½n arbolada;Agr­cola y prados artificiales;NO;NO;AMARRE;4 CELOSIA METALICA;L12 CRUCETA DERIVACION SIMPLE;L04 CRUCETA RECTA H-35;400150 AISLADOR VIDRIO U40 BS;RQN6Q9V3;NO;0;NO;SI;NO
RR8NQHGC//59-5;CDO703 CDO703 3;AMARRE;no encontrado;NO;VIDRIO TEMPL;3;Sin formaci½n arbolada;Agr­cola y prados artificiales;NO;NO;PICO DE PATO;4 CELOSIA METALICA;0;L08 CRUCETA TRIANGULO T-35;400150 AISLADOR VIDRIO U40 BS;RR8NQHGC;NO;0;NO;NO;NO
RQQ6IGW0//65;CDO703 CDO703 3;ALINEACION;no encontrado;NO;VIDRIO TEMPL;2;Sin formaci½n arbolada;Agr­cola y prados artificiales;NO;NO;SUSPENDIDO CRUCE ARMOROD;2 HORMIGON;0;L01 CRUCETA BOVEDA B1/BR1/B2;400150 AISLADOR VIDRIO U40 BS;RQQ6IGW0;NO;0;NO;NO;NO
RQ5HTS99//85;CDO703 CDO703 3;ANGULO;no encontrado;SI;VIDRIO TEMPL;3;Sin formaci½n arbolada;Artificial;NO;NO;AMARRE;4 CELOSIA METALICA;0;L01 CRUCETA BOVEDA B1/BR1/B2;400150 AISLADOR VIDRIO U40 BS;RQ5HTS99;NO;0;NO;SI;NO
RQ38R785//76;CDO703 CDO703 3;ALINEACION;no encontrado;SI;VIDRIO TEMPL;2;Sin formaci½n arbolada;Artificial;NO;NO;SUSPENDIDO CRUCE ARMOROD;4 CELOSIA METALICA;0;L01 CRUCETA BOVEDA B1/BR1/B2;400150 AISLADOR VIDRIO U40 BS;RQ38R785;NO;0;NO;SI;NO
RR7L3RTG//59-6;CDO703 CDO703 3;ALINEACION;no encontrado;NO;VIDRIO TEMPL;2;Sin formaci½n arbolada;Agr­cola y prados artificiales;NO;NO;SUSPENDIDO;2 HORMIGON;0;L01 CRUCETA BOVEDA B1/BR1/B2;400150 AISLADOR VIDRIO U40 BS;RR7L3RTG;NO;0;NO;NO;NO
RR2KGTFU//59-13;CDO703 CDO703 3;ALINEACION;no encontrado;NO;VIDRIO TEMPL;2;Sin formaci½n arbolada;Agr­cola y prados artificiales;NO;NO;SUSPENDIDO CRUCE ARMOROD;2 HORMIGON;0;430840 CRUCETA BOVEDA B-1;400160 AISLADOR VIDRIO U70 BS;RR2KGTFU;NO;0;NO;NO;NO
RRNHDFXP//55;CDO703 CDO703 3;ALINEACION;no encontrado;NO;VIDRIO TEMPL;2;Sin formaci½n arbolada;Matorral;NO;NO;SUSPENDIDO;2 HORMIGON;0;L01 CRUCETA BOVEDA B1/BR1/B2;400160 AISLADOR VIDRIO U70 BS;RRNHDFXP;NO;0;NO;NO;NO
RR30OABW//61;CDO703 CDO703 3;ALINEACION;no encontrado;NO;VIDRIO TEMPL;2;Sin formaci½n arbolada;Matorral;NO;NO;SUSPENDIDO;2 HORMIGON;0;L01 CRUCETA BOVEDA B1/BR1/B2;400150 AISLADOR VIDRIO U40 BS;RR30OABW;NO;0;NO;NO;NO
RQ8EM99R//88;CDO703 CDO703 3;ANGULO;no encontrado;SI;VIDRIO TEMPL;3;Sin formaci½n arbolada;Artificial;NO;NO;AMARRE;4 CELOSIA METALICA;L14 CRUCETA SOPORTE DE ELEMENTOS DE PROTECCION/CORTE;L04 CRUCETA RECTA H-35;400150 AISLADOR VIDRIO U40 BS;RQ8EM99R;NO;0;NO;SI;NO
RQSVBDBP//64;CDO703 CDO703 3;ALINEACION;no encontrado;NO;VIDRIO TEMPL;2;Sin formaci½n arbolada;Agr­cola y prados artificiales;NO;NO;SUSPENDIDO CRUCE ARMOROD;2 HORMIGON;0;L01 CRUCETA BOVEDA B1/BR1/B2;400150 AISLADOR VIDRIO U40 BS;RQSVBDBP;NO;0;NO;NO;NO
RQCQ2FER//70;CDO703 CDO703 3;ALINEACION;no encontrado;NO;VIDRIO TEMPL;2;Sin formaci½n arbolada;Matorral;NO;NO;SUSPENDIDO;2 HORMIGON;0;L01 CRUCETA BOVEDA B1/BR1/B2;400150 AISLADOR VIDRIO U40 BS;RQCQ2FER;NO;0;NO;NO;NO
RR9L73WC//59;CDO703 CDO703 3;ALINEACION;no encontrado;NO;VIDRIO TEMPL;2;Sin formaci½n arbolada;Matorral;NO;NO;SUSPENDIDO CRUCE YUGOS;2 HORMIGON;L12 CRUCETA DERIVACION SIMPLE;L01 CRUCETA BOVEDA B1/BR1/B2;400160 AISLADOR VIDRIO U70 BS;RR9L73WC;NO;0;NO;NO;NO
RQVKLDLX//63;CDO703 CDO703 3;ALINEACION;no encontrado;NO;VIDRIO TEMPL;2;Sin formaci½n arbolada;Matorral;NO;NO;SUSPENDIDO;2 HORMIGON;0;L01 CRUCETA BOVEDA B1/BR1/B2;400150 AISLADOR VIDRIO U40 BS;RQVKLDLX;NO;0;NO;NO;NO
RQ4CWRDB//83;CDO703 CDO703 3;ANGULO;no encontrado;SI;VIDRIO TEMPL;3;Sin formaci½n arbolada;Artificial;NO;NO;MENSULA DE SUSPENSION;4 CELOSIA METALICA;0;L08 CRUCETA TRIANGULO T-35;400150 AISLADOR VIDRIO U40 BS;RQ4CWRDB;NO;0;NO;SI;NO
RR356VST//59-12;CDO703 CDO703 3;ALINEACION;no encontrado;NO;VIDRIO TEMPL;2;Sin formaci½n arbolada;Agr­cola y prados artificiales;NO;NO;SUSPENDIDO CRUCE ARMOROD;2 HORMIGON;0;430840 CRUCETA BOVEDA B-1;400160 AISLADOR VIDRIO U70 BS;RR356VST;NO;0;NO;NO;NO
RR5OPPNV//60;CDO703 CDO703 3;ANGULO;no encontrado;NO;VIDRIO TEMPL;3;Sin formaci½n arbolada;Matorral;NO;NO;MENSULA DE SUSPENSION;4 CELOSIA METALICA;0;L08 CRUCETA TRIANGULO T-35;400160 AISLADOR VIDRIO U70 BS;RR5OPPNV;NO;0;NO;NO;NO
RR9JO7KN//59-4;CDO703 CDO703 3;ANGULO;no encontrado;NO;VIDRIO TEMPL;3;Sin formaci½n arbolada;Agr­cola y prados artificiales;NO;NO;AMARRE;4 CELOSIA METALICA;0;L04 CRUCETA RECTA H-35;400150 AISLADOR VIDRIO U40 BS;RR9JO7KN;NO;0;NO;NO;NO
RQMVQX85//66-1-CT;CDO703 CDO703 3;FINAL DE LINEA;no encontrado;DESCONOCIDO;VIDRIO TEMPL;0;Sin formaci½n arbolada;Agr­cola y prados artificiales;NO;NO;AMARRE;430310 APOYO METALICO C 2000 14 UNESA;0;L04 CRUCETA RECTA H-35;400150 AISLADOR VIDRIO U40 BS;RQMVQX85;NO;0;NO;SI;NO
RQFQK18D//74-35;CDO703 CDO703 3;ALINEACION;ZONA_C;NO;VIDRIO TEMPL;2;Sin formaci½n arbolada;Agr­cola y prados artificiales;NO;NO;SUSPENDIDO CRUCE;2 HORMIGON;0;L01 CRUCETA BOVEDA B1/BR1/B2;400150 AISLADOR VIDRIO U40 BS;RQFQK18D;NO;SI;NO;NO;NO
RPUDB12T//74-22-4;CDO703 CDO703 3;ANGULO;ZONA_C;NO;VIDRIO TEMPL;3;Sin formaci½n arbolada;Agr­cola y prados artificiales;NO;NO;AMARRE;4 CELOSIA METALICA;L04 CRUCETA RECTA H-35;L04 CRUCETA RECTA H-35;400150 AISLADOR VIDRIO U40 BS;RPUDB12T;NO;SI;NO;NO;NO
RQBQDFTA//74-33;CDO703 CDO703 3;AMARRE;ZONA_C;NO;VIDRIO TEMPL;3;Sin formaci½n arbolada;Agr­cola y prados artificiales;NO;NO;AMARRE;4 CELOSIA METALICA;L12 CRUCETA DERIVACION SIMPLE;L04 CRUCETA RECTA H-35;400150 AISLADOR VIDRIO U40 BS;RQBQDFTA;NO;SI;NO;NO;NO
RQHIFFCM//74-36;CDO703 CDO703 3;ANCLAJE;ZONA_C;NO;VIDRIO TEMPL;3;Sin formaci½n arbolada;Agr­cola y prados artificiales;NO;NO;AMARRE;4 CELOSIA METALICA;L14 CRUCETA SOPORTE DE ELEMENTOS DE PROTECCION/CORTE;L04 CRUCETA RECTA H-35;400150 AISLADOR VIDRIO U40 BS;RQHIFFCM;NO;SI;NO;SI;NO
RQ37A8RE//74-28;CDO703 CDO703 3;ANGULO;ZONA_C;NO;VIDRIO TEMPL;3;Sin formaci½n arbolada;Agr­cola y prados artificiales;NO;NO;AMARRE;4 CELOSIA METALICA;L14 CRUCETA SOPORTE DE ELEMENTOS DE PROTECCION/CORTE;L04 CRUCETA RECTA H-35;400150 AISLADOR VIDRIO U40 BS;RQ37A8RE;NO;SI;NO;SI;NO
RQAUFPTH//74-33-2;CDO703 CDO703 3;AMARRE;ZONA_C;NO;VIDRIO TEMPL;3;Sin formaci½n arbolada;Agr­cola y prados artificiales;NO;NO;AMARRE;2 HORMIGON;0;L03 CRUCETA RECTA CR-1/C2;400150 AISLADOR VIDRIO U40 BS;RQAUFPTH;NO;SI;NO;NO;NO
RPWULH1G//74-22-3;CDO703 CDO703 3;AMARRE;VEGAS. CUESTAS Y PARAMOS DEL SURESTE DE MADRID;NO;VIDRIO TEMPL;3;Sin formaci½n arbolada;Agr­cola y prados artificiales;NO;NO;AMARRE;4 CELOSIA METALICA;0;L04 CRUCETA RECTA H-35;400150 AISLADOR VIDRIO U40 BS;RPWULH1G;NO;0;NO;NO;NO
RQ9W9OJR//74-32;CDO703 CDO703 3;ALINEACION;ZONA_C;NO;VIDRIO TEMPL;2;Sin formaci½n arbolada;Agr­cola y prados artificiales;NO;NO;SUSPENDIDO CRUCE;2 HORMIGON;0;L01 CRUCETA BOVEDA B1/BR1/B2;400150 AISLADOR VIDRIO U40 BS;RQ9W9OJR;NO;SI;NO;NO;NO
RQ82N3G8//74-33-5;CDO703 CDO703 3;ANGULO;ZONA_C;SI;VIDRIO TEMPL;3;Sin formaci½n arbolada;Agr­cola y prados artificiales;NO;NO;AMARRE;430300 APOYO METALICO C 2000 12 UNESA;0;430680 CRUCETA HORIZONTAL C-C1-35;400150 AISLADOR VIDRIO U40 BS;RQ82N3G8;NO;SI;NO;SI;NO
RQA9HCG7//74-33-3;CDO703 CDO703 3;ANGULO;ZONA_C;NO;VIDRIO TEMPL;3;Sin formaci½n arbolada;Agr­cola y prados artificiales;NO;NO;AMARRE;2 HORMIGON;0;L03 CRUCETA RECTA CR-1/C2;400150 AISLADOR VIDRIO U40 BS;RQA9HCG7;NO;SI;NO;NO;NO
RQBMM8KX//74-33-1;CDO703 CDO703 3;ANCLAJE;ZONA_C;NO;VIDRIO TEMPL;3;Sin formaci½n arbolada;Agr­cola y prados artificiales;NO;NO;AMARRE;430300 APOYO METALICO C 2000 12 UNESA;L14 CRUCETA SOPORTE DE ELEMENTOS DE PROTECCION/CORTE;430680 CRUCETA HORIZONTAL C-C1-35;400150 AISLADOR VIDRIO U40 BS;RQBMM8KX;NO;SI;NO;SI;NO
RR24QJAE//59-14;CDO703 CDO703 3;ALINEACION;no encontrado;NO;VIDRIO TEMPL;2;Sin formaci½n arbolada;Agr­cola y prados artificiales;NO;NO;SUSPENDIDO;2 HORMIGON;0;L03 CRUCETA RECTA CR-1/C2;400150 AISLADOR VIDRIO U40 BS;RR24QJAE;NO;0;NO;NO;NO
RQ4O6CAL//74-29;CDO703 CDO703 3;AMARRE;ZONA_C;NO;VIDRIO TEMPL;3;Bosques ribereÏos;A.F.M. (Riberas);NO;NO;AMARRE;4 CELOSIA METALICA;0;L04 CRUCETA RECTA H-35;400150 AISLADOR VIDRIO U40 BS;RQ4O6CAL;NO;SI;NO;NO;NO
RPUWQIFO//74-22-5-CT;CDO703 CDO703 3;FINAL DE LINEA;no encontrado;DESCONOCIDO;VIDRIO TEMPL;0;Bosques ribereÏos;A.F.M. (Riberas);NO;NO;AMARRE;2 HORMIGON;0;1 SIN DATOS ESPECIFICOS;400150 AISLADOR VIDRIO U40 BS;RPUWQIFO;NO;SI;NO;NO;NO
RQ36IS7R//74-22-1;CDO703 CDO703 3;ANGULO;VEGAS. CUESTAS Y PARAMOS DEL SURESTE DE MADRID;NO;VIDRIO TEMPL;3;Sin formaci½n arbolada;Agr­cola y prados artificiales;NO;NO;AMARRE;4 CELOSIA METALICA;0;L08 CRUCETA TRIANGULO T-35;400150 AISLADOR VIDRIO U40 BS;RQ36IS7R;NO;0;NO;NO;NO
RQ82N36S//74-31;CDO703 CDO703 3;ALINEACION;ZONA_C;NO;VIDRIO TEMPL;2;Sin formaci½n arbolada;Agr­cola y prados artificiales;NO;NO;SUSPENDIDO CRUCE;2 HORMIGON;0;L01 CRUCETA BOVEDA B1/BR1/B2;400150 AISLADOR VIDRIO U40 BS;RQ82N36S;NO;SI;NO;NO;NO
RQ61SCFJ//74-30;CDO703 CDO703 3;AMARRE;ZONA_C;NO;VIDRIO TEMPL;3;Sin formaci½n arbolada;Agr­cola y prados artificiales;NO;NO;AMARRE;4 CELOSIA METALICA;0;L04 CRUCETA RECTA H-35;400150 AISLADOR VIDRIO U40 BS;RQ61SCFJ;NO;SI;NO;NO;NO
RQE5WOGE//74-34;CDO703 CDO703 3;ALINEACION;ZONA_C;NO;VIDRIO TEMPL;2;Sin formaci½n arbolada;Agr­cola y prados artificiales;NO;NO;SUSPENDIDO CRUCE;2 HORMIGON;0;L01 CRUCETA BOVEDA B1/BR1/B2;400150 AISLADOR VIDRIO U40 BS;RQE5WOGE;NO;SI;NO;NO;NO
RQ8UCGAG//74-33-4;CDO703 CDO703 3;ANGULO;ZONA_C;NO;VIDRIO TEMPL;3;Sin formaci½n arbolada;Agr­cola y prados artificiales;NO;NO;AMARRE;2 HORMIGON;0;L03 CRUCETA RECTA CR-1/C2;400150 AISLADOR VIDRIO U40 BS;RQ8UCGAG;NO;SI;NO;NO;NO
RQ8AUX4A//74-33-6-CT;CDO703 CDO703 3;FINAL DE LINEA;ZONA_C;DESCONOCIDO;VIDRIO TEMPL;3;Sin formaci½n arbolada;Agr­cola y prados artificiales;NO;NO;AMARRE;430300 APOYO METALICO C 2000 12 UNESA;431756 CRUCETA SOPORTE TRAFO SOBRE APOYO METALICO;430680 CRUCETA HORIZONTAL C-C1-35;400150 AISLADOR VIDRIO U40 BS;RQ8AUX4A;NO;SI;NO;SI;NO
RQ0W7MUL//74-22-2;CDO703 CDO703 3;ALINEACION;VEGAS. CUESTAS Y PARAMOS DEL SURESTE DE MADRID;NO;VIDRIO TEMPL;2;Sin formaci½n arbolada;Agr­cola y prados artificiales;NO;NO;SUSPENDIDO CRUCE;2 HORMIGON;0;L01 CRUCETA BOVEDA B1/BR1/B2;400150 AISLADOR VIDRIO U40 BS;RQ0W7MUL;NO;0;NO;NO;NO
RT9A9GXW//D34-1;CDO703 CDO703 3;AMARRE;no encontrado;DESCONOCIDO;VIDRIO TEMPL;3;Sin formaci½n arbolada;Agr­cola y prados artificiales;NO;NO;AMARRE;4 CELOSIA METALICA;L14 CRUCETA SOPORTE DE ELEMENTOS DE PROTECCION/CORTE;L04 CRUCETA RECTA H-35;400150 AISLADOR VIDRIO U40 BS;RT9A9GXW;NO;0;NO;NO;NO
RRXRKN1Q//49;CDO703 CDO703 3;ALINEACION;no encontrado;NO;VIDRIO TEMPL;2;Sin formaci½n arbolada;Matorral;NO;NO;SUSPENDIDO CRUCE ARMOROD;2 HORMIGON;0;L01 CRUCETA BOVEDA B1/BR1/B2;400150 AISLADOR VIDRIO U40 BS;RRXRKN1Q;NO;0;NO;NO;NO
